rank,team,solved,penalty,problems
1,Profesional grant-catchable-430,750,16,1 1 try | score_cell || 4 1 try | score_cell || 8 1 try | score_cell || 16 1 try | score_cell
2,anywhere-expose-411,750,24,1 1 try | score_cell || 3 1 try | score_cell || 7 1 try | score_cell || 24 1 try | score_cell
3,trowel-clerical-1409,750,30,1 1 try | score_cell || 5 1 try | score_cell || 8 1 try | score_cell || 30 1 try | score_cell
4,Sekolah conjoined-hatching-705,750,38,0 1 try | score_cell || 2 1 try | score_cell || 7 1 try | score_cell || 26 5 tries | score_cell
5,Kuliah express-salsa-204,750,41,8 1 try | score_cell || 11 1 try | score_cell || 18 1 try | score_cell || 38 2 tries | score_cell
6,charbroil-outdated-13,750,43,1 1 try | score_cell || 2 1 try | score_cell || 28 4 tries | score_cell || 31 2 tries | score_cell
7,jot-growl-951,750,51,32 2 tries | score_cell || 36 2 tries | score_cell || 42 2 tries | score_cell || 28 1 try | score_cell
8,irritable-estimate-155,750,62,1 1 try | score_cell || 5 1 try | score_cell || 16 4 tries | score_cell || 47 3 tries | score_cell
9,tremor-graceful-31,750,62,1 1 try | score_cell || 8 1 try | score_cell || 19 1 try | score_cell || 59 2 tries | score_cell
10,outsource-immorally-981,750,65,15 1 try | score_cell || 34 1 try | score_cell || 42 1 try | score_cell || 62 2 tries | score_cell
11,shove-ablaze-938,750,69,2 1 try | score_cell || 7 1 try | score_cell || 28 2 tries | score_cell || 66 1 try | score_cell
12,panther-job-1276,750,74,41 2 tries | score_cell || 58 1 try | score_cell || 65 1 try | score_cell || 71 1 try | score_cell
13,angelic-snowflake-1006,750,83,5 1 try | score_cell || 38 1 try | score_cell || 66 1 try | score_cell || 83 1 try | score_cell
14,epileptic-excluding-1167,750,89,9 1 try | score_cell || 14 1 try | score_cell || 24 3 tries | score_cell || 74 4 tries | score_cell
15,violet-outplayed-1249,750,92,14 1 try | score_cell || 21 1 try | score_cell || 35 4 tries | score_cell || 80 2 tries | score_cell
16,unbaked-consoling-632,750,93,17 1 try | score_cell || 3 2 tries | score_cell || 9 1 try | score_cell || 75 6 tries | score_cell
17,theorize-ankle-1080,750,100,19 1 try | score_cell || 25 1 try | score_cell || 91 2 tries | score_cell || 88 3 tries | score_cell
18,jelly-channel-1616,750,100,97 1 try | score_cell || 96 1 try | score_cell || 89 1 try | score_cell || 79 2 tries | score_cell
19,frostlike-absence-806,750,101,29 1 try | score_cell || 42 1 try | score_cell || 64 2 tries | score_cell || 98 1 try | score_cell
20,gradient-sandlot-1411,750,104,26 1 try | score_cell || 30 1 try | score_cell || 36 1 try | score_cell || 98 3 tries | score_cell
21,dock-overhung-1066,750,107,37 1 try | score_cell || 39 1 try | score_cell || 54 3 tries | score_cell || 101 1 try | score_cell
22,profile-equate-1017,750,132,21 1 try | score_cell || 23 1 try | score_cell || 29 3 tries | score_cell || 93 12 tries | score_cell
23,borrower-ammonium-958,750,137,123 2 tries | score_cell || 12 3 tries | score_cell || 63 1 try | score_cell || 125 2 tries | score_cell
24,publisher-twentieth-1050,750,142,15 1 try | score_cell || 23 1 try | score_cell || 54 4 tries | score_cell || 133 1 try | score_cell
25,mute-pushy-864,750,150,4 2 tries | score_cell || 71 1 try | score_cell || 123 1 try | score_cell || 147 1 try | score_cell
26,unfunded-botanist-109,750,152,149 1 try | score_cell || 148 1 try | score_cell || 103 2 tries | score_cell || 144 1 try | score_cell
27,fabric-epilepsy-225,750,157,48 1 try | score_cell || 82 1 try | score_cell || 130 3 tries | score_cell || 151 1 try | score_cell
28,chewable-twice-1384,750,159,43 3 tries | score_cell || 49 1 try | score_cell || 84 3 tries | score_cell || 141 3 tries | score_cell
29,chooser-challenge-909,750,160,4 2 tries | score_cell || 10 1 try | score_cell || 45 3 tries | score_cell || 136 6 tries | score_cell
30,siding-seventh-1223,750,164,157 1 try | score_cell || 157 1 try | score_cell || 161 2 tries | score_cell || 157 1 try | score_cell
31,tamper-lankiness-29,750,174,76 1 try | score_cell || 81 1 try | score_cell || 162 3 tries | score_cell || 149 3 tries | score_cell
32,overstate-sweep-1026,750,176,20 1 try | score_cell || 25 1 try | score_cell || 29 1 try | score_cell || 176 1 try | score_cell
33,unmanaged-frays-302,750,177,174 1 try | score_cell || 173 2 tries | score_cell || 161 1 try | score_cell || 110 1 try | score_cell
34,runway-recharger-1344,750,184,23 1 try | score_cell || 38 1 try | score_cell || 106 2 tries | score_cell || 175 3 tries | score_cell
35,litigator-hankering-1256,750,191,38 1 try | score_cell || 66 1 try | score_cell || 191 1 try | score_cell || 159 1 try | score_cell
36,rubble-livestock-103,750,212,27 1 try | score_cell || 50 2 tries | score_cell || 61 2 tries | score_cell || 206 1 try | score_cell
37,freefall-factual-1354,750,229,87 1 try | score_cell || 92 1 try | score_cell || 106 3 tries | score_cell || 223 1 try | score_cell
38,fastball-storewide-698,750,249,34 1 try | score_cell || 53 1 try | score_cell || 228 6 tries | score_cell || 198 3 tries | score_cell
39,jailer-tutu-595,750,249,154 1 try | score_cell || 160 1 try | score_cell || 179 2 tries | score_cell || 243 2 tries | score_cell
40,liquefy-smock-1266,750,254,78 1 try | score_cell || 106 2 tries | score_cell || 132 1 try | score_cell || 245 3 tries | score_cell
41,front-abstain-568,750,260,106 1 try | score_cell || 109 1 try | score_cell || 132 3 tries | score_cell || 227 10 tries | score_cell
42,magnifier-image-1222,750,271,155 1 try | score_cell || 163 1 try | score_cell || 183 5 tries | score_cell || 253 3 tries | score_cell
43,barge-lapped-1106,750,282,16 1 try | score_cell || 21 1 try | score_cell || 53 3 tries | score_cell || 276 1 try | score_cell
44,jury-rope-1451,750,290,183 1 try | score_cell || 190 1 try | score_cell || 194 1 try | score_cell || 281 4 tries | score_cell
45,wham-sinless-880,750,308,278 1 try | score_cell || 276 1 try | score_cell || 275 1 try | score_cell || 268 11 tries | score_cell
46,reapply-alkaline-6,750,310,46 1 try | score_cell || 64 1 try | score_cell || 140 4 tries | score_cell || 301 1 try | score_cell
,secluded-overtone-394,750,310,219 1 try | score_cell || 232 1 try | score_cell || 265 3 tries | score_cell || 301 2 tries | score_cell
48,creed-saga-882,750,390,1 1 try | score_cell || 33 5 tries | score_cell || 290 5 tries | score_cell || 357 4 tries | score_cell
49,stood-bristle-1329,750,455,282 1 try | score_cell || 312 1 try | score_cell || 341 1 try | score_cell || 455 1 try | score_cell
50,saucy-stifle-129,750,706,512 1 try | score_cell || 520 1 try | score_cell || 545 2 tries | score_cell || 691 5 tries | score_cell
51,exceeding-untrained-790,750,806,722 1 try | score_cell || 730 1 try | score_cell || 784 2 tries | score_cell || 800 2 tries | score_cell
52,obvious-finalist-600,750,827,1 1 try | score_cell || 11 1 try | score_cell || 141 5 tries | score_cell || 785 11 tries | score_cell
53,crazily-smoking-615,750,855,774 1 try | score_cell || 805 2 tries | score_cell || 835 3 tries | score_cell || 846 1 try | score_cell
54,scouring-sprinkled-1099,750,863,790 1 try | score_cell || 796 1 try | score_cell || 808 2 tries | score_cell || 857 2 tries | score_cell
55,silenced-customer-733,750,865,690 1 try | score_cell || 704 1 try | score_cell || 852 4 tries | score_cell || 856 1 try | score_cell
56,sterilize-cheesy-380,750,891,15 1 try | score_cell || 35 2 tries | score_cell || 861 7 tries | score_cell || 318 4 tries | score_cell
57,bristle-legible-292,750,899,87 1 try | score_cell || 92 1 try | score_cell || 893 2 tries | score_cell || 832 2 tries | score_cell
58,profile-deviation-69,550,90,66 1 try | score_cell || 72 1 try | score_cell || score_cell || 87 2 tries | score_cell
59,charcoal-squeeze-1482,550,467,123 1 try | score_cell || 130 1 try | score_cell || score_cell || 464 2 tries | score_cell
60,skyline-reviver-1422,400,25,7 1 try | score_cell || 23 1 try | score_cell || 25 1 try | score_cell || score_cell
61,twentieth-slain-343,400,33,6 1 try | score_cell || 13 1 try | score_cell || 33 1 try | score_cell || score_cell
62,fox-emoticon-72,400,38,17 1 try | score_cell || 26 2 tries | score_cell || 32 2 tries | score_cell || score_cell
63,establish-frosted-710,400,39,6 1 try | score_cell || 17 1 try | score_cell || 36 2 tries | score_cell || score_cell
,finisher-earthlike-677,400,39,7 1 try | score_cell || 22 1 try | score_cell || 36 2 tries | score_cell || 1 try | score_cell
65,scuba-flask-1082,400,43,14 1 try | score_cell || 26 1 try | score_cell || 43 1 try | score_cell || 6 tries | score_cell
66,groove-nineteen-1218,400,48,18 1 try | score_cell || 23 1 try | score_cell || 45 2 tries | score_cell || score_cell
67,smite-fool-725,400,49,28 1 try | score_cell || 31 1 try | score_cell || 43 3 tries | score_cell || score_cell
68,unending-harmony-188,400,51,30 1 try | score_cell || 34 1 try | score_cell || 42 4 tries | score_cell || score_cell
69,unturned-educator-1445,400,58,14 1 try | score_cell || 27 1 try | score_cell || 52 3 tries | score_cell || 2 tries | score_cell
70,disparity-drainable-901,400,63,8 1 try | score_cell || 51 2 tries | score_cell || 45 4 tries | score_cell || 2 tries | score_cell
71,useable-earflap-375,400,65,17 1 try | score_cell || 35 1 try | score_cell || 62 2 tries | score_cell || score_cell
72,fresh-wronged-669,400,68,21 1 try | score_cell || 35 1 try | score_cell || 56 5 tries | score_cell || score_cell
73,baggy-outpost-113,400,84,80 1 try | score_cell || 81 1 try | score_cell || 84 1 try | score_cell || score_cell
74,outlast-respect-1447,400,85,20 1 try | score_cell || 27 1 try | score_cell || 64 8 tries | score_cell || score_cell
75,epidermis-ogle-234,400,88,45 1 try | score_cell || 52 1 try | score_cell || 82 3 tries | score_cell || score_cell
76,vista-faceless-367,400,93,19 1 try | score_cell || 32 2 tries | score_cell || 69 8 tries | score_cell || score_cell
77,enchilada-amusement-1119,400,93,66 1 try | score_cell || 80 1 try | score_cell || 93 1 try | score_cell || score_cell
78,reaffirm-easter-471,400,94,54 1 try | score_cell || 56 1 try | score_cell || 91 2 tries | score_cell || score_cell
79,fanciness-unpack-67,400,105,21 1 try | score_cell || 61 1 try | score_cell || 102 2 tries | score_cell || score_cell
80,anthem-unsaid-214,400,108,70 1 try | score_cell || 85 1 try | score_cell || 105 2 tries | score_cell || score_cell
81,september-unashamed-1578,400,118,68 1 try | score_cell || 102 1 try | score_cell || 118 1 try | score_cell || score_cell
82,stardom-secluded-177,400,123,107 1 try | score_cell || 111 1 try | score_cell || 123 1 try | score_cell || 2 tries | score_cell
83,winking-wake-1207,400,135,113 2 tries | score_cell || 122 2 tries | score_cell || 129 1 try | score_cell || score_cell
84,stereo-ominous-1070,400,151,29 1 try | score_cell || 87 3 tries | score_cell || 130 6 tries | score_cell || score_cell
85,borax-keg-552,400,160,116 1 try | score_cell || 135 2 tries | score_cell || 157 1 try | score_cell || score_cell
86,stillness-down-875,400,167,161 1 try | score_cell || score_cell || score_cell || 151 3 tries | score_cell
87,elixir-vexingly-247,400,168,5 1 try | score_cell || 123 3 tries | score_cell || 129 12 tries | score_cell || score_cell
88,chubby-attain-914,400,172,119 2 tries | score_cell || 134 1 try | score_cell || 163 3 tries | score_cell || score_cell
89,hardener-borough-984,400,174,138 1 try | score_cell || 144 1 try | score_cell || 168 3 tries | score_cell || score_cell
90,suing-thrill-467,400,184,175 4 tries | score_cell || score_cell || score_cell || 161 1 try | score_cell
91,parting-ceramics-1366,400,204,95 1 try | score_cell || 146 3 tries | score_cell || 195 2 tries | score_cell || 1 try | score_cell
92,lifter-turbulent-410,400,208,185 2 tries | score_cell || 198 1 try | score_cell || 199 3 tries | score_cell || score_cell
93,atop-unclad-1285,400,210,159 1 try | score_cell || 171 1 try | score_cell || 201 4 tries | score_cell || score_cell
94,postbox-robbing-231,400,219,102 1 try | score_cell || 179 1 try | score_cell || 213 3 tries | score_cell || 4 tries | score_cell
95,unquote-postwar-900,400,237,146 1 try | score_cell || 174 1 try | score_cell || 231 3 tries | score_cell || 5 tries | score_cell
96,cash-epiphany-183,400,249,153 1 try | score_cell || 173 4 tries | score_cell || 237 2 tries | score_cell || score_cell
97,open-replace-689,400,253,172 1 try | score_cell || 217 1 try | score_cell || 253 1 try | score_cell || score_cell
98,echo-crumpet-455,400,256,1 1 try | score_cell || 13 1 try | score_cell || 238 7 tries | score_cell || score_cell
99,junkie-blob-359,400,391,17 1 try | score_cell || 292 2 tries | score_cell || 379 4 tries | score_cell || score_cell
100,uncle-enjoyer-905,400,471,438 1 try | score_cell || 448 3 tries | score_cell || 462 2 tries | score_cell || score_cell
101,rambling-trivial-1304,400,478,58 1 try | score_cell || 351 1 try | score_cell || 475 2 tries | score_cell || score_cell
102,certainly-custard-1495,400,714,35 1 try | score_cell || 120 1 try | score_cell || 693 8 tries | score_cell || 1 try | score_cell
103,endearing-relic-523,400,760,77 1 try | score_cell || 93 2 tries | score_cell || 754 2 tries | score_cell || 3 tries | score_cell
104,skirmish-armhole-184,400,789,738 1 try | score_cell || 749 1 try | score_cell || 786 2 tries | score_cell || score_cell
105,mocker-willpower-707,400,877,861 1 try | score_cell || 870 1 try | score_cell || 877 1 try | score_cell || score_cell
106,timothy-copied-1190,350,153,score_cell || score_cell || score_cell || 150 2 tries | score_cell
107,headpiece-lapel-1532,250,97,26 1 try | score_cell || score_cell || 94 2 tries | score_cell || score_cell
108,monoxide-juiciness-454,200,6,1 1 try | score_cell || 6 1 try | score_cell || 1 try | score_cell || score_cell
109,dimple-outplayed-797,200,11,1 1 try | score_cell || 11 1 try | score_cell || 2 tries | score_cell || score_cell
110,wikipedia-nimble-1487,200,15,15 1 try | score_cell || 8 1 try | score_cell || 2 tries | score_cell || score_cell
111,pull-hula-950,200,16,5 1 try | score_cell || 16 1 try | score_cell || 1 try | score_cell || 2 tries | score_cell
112,outburst-darkened-727,200,19,8 1 try | score_cell || 19 1 try | score_cell || score_cell || score_cell
113,bloomers-parameter-847,200,22,2 1 try | score_cell || 22 1 try | score_cell || score_cell || score_cell
114,paddling-crabmeat-1423,200,27,9 1 try | score_cell || 27 1 try | score_cell || 1 try | score_cell || score_cell
115,spearhead-cycle-1565,200,32,11 1 try | score_cell || 32 1 try | score_cell || 1 try | score_cell || score_cell
116,old-envious-408,200,34,28 1 try | score_cell || 34 1 try | score_cell || 1 try | score_cell || 1 try | score_cell
117,antennae-magnitude-929,200,36,15 1 try | score_cell || 36 1 try | score_cell || 9 tries | score_cell || score_cell
118,circulate-float-753,200,39,12 1 try | score_cell || 39 1 try | score_cell || score_cell || score_cell
119,corny-depose-470,200,42,5 1 try | score_cell || 42 1 try | score_cell || score_cell || score_cell
120,capital-unknown-657,200,44,21 1 try | score_cell || 44 1 try | score_cell || score_cell || score_cell
121,sensitive-corncob-930,200,46,16 1 try | score_cell || 46 1 try | score_cell || score_cell || score_cell
122,repost-tantrum-750,200,47,44 1 try | score_cell || 47 1 try | score_cell || 1 try | score_cell || 2 tries | score_cell
123,goofball-customs-1224,200,48,19 1 try | score_cell || 45 2 tries | score_cell || score_cell || score_cell
124,virtuous-lilac-1051,200,50,43 1 try | score_cell || 50 1 try | score_cell || 1 try | score_cell || score_cell
125,sudden-affirm-1597,200,53,27 1 try | score_cell || 53 1 try | score_cell || score_cell || score_cell
126,aluminum-facelift-152,200,56,21 1 try | score_cell || 53 2 tries | score_cell || score_cell || score_cell
127,even-riot-886,200,60,26 1 try | score_cell || 54 3 tries | score_cell || score_cell || score_cell
128,playgroup-irritant-697,200,64,55 4 tries | score_cell || 53 1 try | score_cell || 2 tries | score_cell || score_cell
129,preseason-maroon-703,200,64,score_cell || score_cell || 61 2 tries | score_cell || score_cell
130,coleslaw-chatting-822,200,64,16 1 try | score_cell || 64 1 try | score_cell || 1 try | score_cell || score_cell
131,chaffing-backpedal-1013,200,67,15 1 try | score_cell || 67 1 try | score_cell || 1 try | score_cell || score_cell
132,overeager-unpaired-648,200,69,49 4 tries | score_cell || 60 1 try | score_cell || score_cell || score_cell
133,saved-diffusive-1154,200,71,40 1 try | score_cell || 71 1 try | score_cell || score_cell || score_cell
134,refueling-blinker-1550,200,76,30 1 try | score_cell || 70 3 tries | score_cell || 3 tries | score_cell || score_cell
135,woozy-lifter-1018,200,83,44 1 try | score_cell || 83 1 try | score_cell || score_cell || score_cell
136,rename-angler-1386,200,85,64 2 tries | score_cell || 82 1 try | score_cell || score_cell || score_cell
137,rectangle-studio-379,200,86,61 1 try | score_cell || 86 1 try | score_cell || score_cell || score_cell
138,plunder-resurface-396,200,103,36 1 try | score_cell || 103 1 try | score_cell || score_cell || score_cell
139,entangled-release-142,200,114,58 1 try | score_cell || 114 1 try | score_cell || 1 try | score_cell || score_cell
140,chest-handling-135,200,119,103 1 try | score_cell || 119 1 try | score_cell || score_cell || score_cell
141,unturned-issue-1556,200,124,105 1 try | score_cell || 124 1 try | score_cell || score_cell || score_cell
142,unnamed-drippy-1628,200,129,122 1 try | score_cell || 126 2 tries | score_cell || score_cell || score_cell
143,series-subarctic-744,200,150,132 1 try | score_cell || 150 1 try | score_cell || 4 tries | score_cell || score_cell
144,freight-lazy-828,200,152,134 1 try | score_cell || 152 1 try | score_cell || 1 try | score_cell || score_cell
145,evasion-rematch-1145,200,155,148 1 try | score_cell || 155 1 try | score_cell || score_cell || score_cell
146,quadrant-retrace-761,200,174,162 1 try | score_cell || 174 1 try | score_cell || score_cell || score_cell
147,usage-mute-866,200,183,29 1 try | score_cell || 180 2 tries | score_cell || 5 tries | score_cell || score_cell
148,spearman-landslide-1589,200,183,175 1 try | score_cell || 183 1 try | score_cell || score_cell || score_cell
149,fetch-opposite-330,200,224,221 1 try | score_cell || 224 1 try | score_cell || 1 try | score_cell || 1 try | score_cell
150,bolster-certainly-335,200,259,256 2 tries | score_cell || 24 1 try | score_cell || score_cell || score_cell
151,movable-cogwheel-1593,200,308,score_cell || score_cell || 302 3 tries | score_cell || score_cell
152,pregnancy-margarita-564,200,322,312 1 try | score_cell || 322 1 try | score_cell || 1 try | score_cell || score_cell
153,engine-rust-524,200,323,278 2 tries | score_cell || 320 1 try | score_cell || 4 tries | score_cell || score_cell
154,creed-nearness-1238,200,438,344 1 try | score_cell || 438 1 try | score_cell || score_cell || score_cell
155,recycling-computing-961,200,691,674 1 try | score_cell || 691 1 try | score_cell || score_cell || score_cell
156,pretzel-matrimony-1455,200,787,778 1 try | score_cell || 787 1 try | score_cell || score_cell || score_cell
157,trance-catalyze-165,200,789,761 3 tries | score_cell || 780 2 tries | score_cell || 2 tries | score_cell || score_cell
158,retype-clock-261,200,857,827 1 try | score_cell || 857 1 try | score_cell || score_cell || score_cell
159,filler-sandbar-1219,200,876,839 3 tries | score_cell || 870 1 try | score_cell || score_cell || score_cell
160,tattling-moonwalk-1183,200,881,855 1 try | score_cell || 881 1 try | score_cell || score_cell || score_cell
161,untrained-spherical-243,200,908,104 3 tries | score_cell || 902 1 try | score_cell || score_cell || score_cell
162,dislocate-perjury-1477,200,910,904 2 tries | score_cell || 907 1 try | score_cell || 1 try | score_cell || score_cell
163,disregard-giveaway-887,200,917,900 1 try | score_cell || 917 1 try | score_cell || score_cell || score_cell
164,pungent-resemble-639,200,918,908 1 try | score_cell || 915 2 tries | score_cell || 1 try | score_cell || score_cell
165,appendage-stoke-101,200,919,760 6 tries | score_cell || 895 4 tries | score_cell || 1 try | score_cell || score_cell
166,cursive-impale-794,150,130,score_cell || 127 2 tries | score_cell || score_cell || score_cell
167,portable-undress-1607,50,7,7 1 try | score_cell || score_cell || score_cell || score_cell
168,iphone-contact-596,50,10,10 1 try | score_cell || score_cell || score_cell || score_cell
169,shorty-impulse-429,50,14,14 1 try | score_cell || score_cell || score_cell || score_cell
,snowplow-effective-319,50,14,14 1 try | score_cell || score_cell || score_cell || score_cell
171,diligence-affected-584,50,15,15 1 try | score_cell || score_cell || score_cell || score_cell
,identical-catnip-861,50,15,15 1 try | score_cell || score_cell || score_cell || score_cell
173,impure-famished-1047,50,23,23 1 try | score_cell || score_cell || score_cell || score_cell
174,disposal-uncheck-1186,50,24,24 1 try | score_cell || score_cell || score_cell || score_cell
175,unrobed-reformer-917,50,25,22 2 tries | score_cell || score_cell || score_cell || score_cell
176,mangle-bulge-809,50,27,27 1 try | score_cell || score_cell || score_cell || score_cell
,sturdy-smock-1389,50,27,27 1 try | score_cell || score_cell || score_cell || score_cell
178,reason-ideally-1147,50,28,28 1 try | score_cell || score_cell || score_cell || score_cell
,thursday-wager-119,50,28,28 1 try | score_cell || score_cell || score_cell || score_cell
180,overshot-unwired-235,50,29,29 1 try | score_cell || score_cell || score_cell || score_cell
181,dodgy-rundown-741,50,30,30 1 try | score_cell || score_cell || score_cell || score_cell
,naming-antler-798,50,30,30 1 try | score_cell || score_cell || score_cell || score_cell
183,magnolia-cozily-457,50,33,33 1 try | score_cell || score_cell || score_cell || score_cell
184,imprint-spud-1049,50,34,34 1 try | score_cell || score_cell || score_cell || score_cell
185,passover-nemeses-857,50,36,36 1 try | score_cell || score_cell || score_cell || score_cell
186,enclose-appeasing-1046,50,40,40 1 try | score_cell || score_cell || score_cell || score_cell
187,dyslexic-stapling-699,50,46,40 3 tries | score_cell || 4 tries | score_cell || score_cell || score_cell
188,reunion-proponent-1485,50,46,46 1 try | score_cell || score_cell || score_cell || score_cell
189,broadness-cold-769,50,47,47 1 try | score_cell || score_cell || score_cell || score_cell
190,hatchling-discharge-1416,50,48,48 1 try | score_cell || score_cell || score_cell || score_cell
191,language-cupping-10,50,53,53 1 try | score_cell || 1 try | score_cell || 1 try | score_cell || score_cell
192,unruly-steadily-610,50,55,55 1 try | score_cell || score_cell || score_cell || score_cell
193,applause-detonate-1572,50,60,60 1 try | score_cell || score_cell || score_cell || score_cell
194,shoptalk-purple-92,50,64,64 1 try | score_cell || score_cell || score_cell || score_cell
195,staring-concur-288,50,68,68 1 try | score_cell || score_cell || score_cell || score_cell
196,grime-kangaroo-1502,50,69,69 1 try | score_cell || 1 try | score_cell || score_cell || score_cell
,planner-skinhead-533,50,69,69 1 try | score_cell || score_cell || score_cell || score_cell
198,discharge-antivirus-372,50,76,76 1 try | score_cell || score_cell || score_cell || score_cell
199,makeshift-cogwheel-1016,50,87,87 1 try | score_cell || score_cell || score_cell || score_cell
200,kilogram-unified-945,50,90,90 1 try | score_cell || score_cell || 1 try | score_cell || score_cell
201,catapult-residency-1400,50,108,108 1 try | score_cell || score_cell || score_cell || score_cell
202,recycler-dean-1360,50,133,133 1 try | score_cell || score_cell || score_cell || score_cell
203,detest-entangled-270,50,145,130 6 tries | score_cell || score_cell || score_cell || score_cell
204,scoreless-alfalfa-638,50,147,138 4 tries | score_cell || score_cell || score_cell || score_cell
205,coyness-headstand-1496,50,153,153 1 try | score_cell || score_cell || score_cell || score_cell
206,negation-scam-77,50,163,163 1 try | score_cell || score_cell || score_cell || score_cell
207,treason-ellipse-80,50,170,170 1 try | score_cell || score_cell || score_cell || score_cell
208,cactus-stiffness-1618,50,175,160 6 tries | score_cell || score_cell || score_cell || score_cell
209,culpable-curler-1499,50,196,184 5 tries | score_cell || score_cell || score_cell || score_cell
210,subsiding-raffle-331,50,200,200 1 try | score_cell || score_cell || score_cell || score_cell
211,splashed-heap-604,50,207,207 1 try | score_cell || score_cell || score_cell || score_cell
,tables-gigolo-249,50,207,207 1 try | score_cell || score_cell || score_cell || score_cell
213,viscosity-disregard-1547,50,208,205 2 tries | score_cell || score_cell || score_cell || score_cell
214,trace-sizzle-617,50,209,209 1 try | score_cell || score_cell || score_cell || score_cell
215,halved-manlike-751,50,215,215 1 try | score_cell || score_cell || score_cell || score_cell
216,easeful-treachery-482,50,220,217 2 tries | score_cell || score_cell || score_cell || score_cell
217,distinct-umpire-686,50,309,309 1 try | score_cell || score_cell || score_cell || score_cell
218,ruse-quiet-1587,50,689,689 1 try | score_cell || score_cell || score_cell || score_cell
219,unplug-flight-378,50,754,754 1 try | score_cell || score_cell || score_cell || score_cell
220,penniless-spotty-485,50,785,785 1 try | score_cell || score_cell || score_cell || score_cell
221,refute-jump-1497,50,839,839 1 try | score_cell || score_cell || score_cell || score_cell
222,outmatch-bagel-1229,50,840,840 1 try | score_cell || score_cell || score_cell || score_cell
223,deserving-exquisite-931,50,844,844 1 try | score_cell || score_cell || score_cell || score_cell
224,outback-unseen-963,50,860,860 1 try | score_cell || score_cell || 3 tries | score_cell || score_cell
225,enchanted-prepaid-68,50,866,866 1 try | score_cell || score_cell || score_cell || score_cell
226,decimeter-patience-1093,50,917,917 1 try | score_cell || score_cell || score_cell || score_cell
,senator-casually-405,50,917,917 1 try | score_cell || score_cell || score_cell || score_cell
228,contently-unstaffed-1191,50,918,918 1 try | score_cell || score_cell || score_cell || score_cell
229,abdominal-glare-185,0,0,score_cell || score_cell || score_cell || score_cell
,abiding-opponent-967,0,0,score_cell || score_cell || score_cell || score_cell
,abruptly-colossal-108,0,0,score_cell || score_cell || score_cell || score_cell
,absolve-decent-570,0,0,score_cell || score_cell || score_cell || score_cell
,accent-regular-1300,0,0,score_cell || score_cell || score_cell || score_cell
,account-catalog-1403,0,0,score_cell || score_cell || score_cell || score_cell
,acetone-aloft-353,0,0,score_cell || score_cell || score_cell || score_cell
,acquire-carmaker-54,0,0,score_cell || score_cell || score_cell || score_cell
,acting-dolphin-1656,0,0,score_cell || score_cell || score_cell || score_cell
,activate-devourer-1480,0,0,score_cell || score_cell || score_cell || score_cell
,active-framing-1453,0,0,score_cell || score_cell || score_cell || score_cell
,activist-wackiness-508,0,0,score_cell || score_cell || score_cell || score_cell
,aerobics-footprint-556,0,0,score_cell || score_cell || score_cell || score_cell
,aerobics-jiffy-1629,0,0,score_cell || score_cell || score_cell || score_cell
,aerobics-savior-1230,0,0,score_cell || score_cell || score_cell || score_cell
,affecting-enlarging-246,0,0,score_cell || score_cell || score_cell || score_cell
,affecting-pentagon-1079,0,0,score_cell || score_cell || score_cell || score_cell
,aghast-audience-497,0,0,score_cell || score_cell || score_cell || score_cell
,ahoy-dreaded-742,0,0,score_cell || score_cell || score_cell || score_cell
,aide-kilogram-480,0,0,score_cell || score_cell || score_cell || score_cell
,aide-subheader-1365,0,0,score_cell || score_cell || score_cell || score_cell
,algorithm-slab-1551,0,0,score_cell || score_cell || score_cell || score_cell
,alive-arise-258,0,0,score_cell || score_cell || score_cell || score_cell
,always-patient-238,0,0,score_cell || score_cell || score_cell || score_cell
,amaze-likely-646,0,0,score_cell || score_cell || score_cell || score_cell
,ammonia-stunned-748,0,0,score_cell || score_cell || score_cell || score_cell
,amulet-magnetism-1375,0,0,score_cell || score_cell || score_cell || score_cell
,anaerobic-capacity-1640,0,0,score_cell || score_cell || score_cell || score_cell
,anchor-qualify-1474,0,0,score_cell || score_cell || score_cell || score_cell
,anchovy-giveaway-1624,0,0,score_cell || score_cell || score_cell || score_cell
,angelic-irrigate-277,0,0,score_cell || score_cell || score_cell || score_cell
,angular-festive-1319,0,0,score_cell || score_cell || score_cell || score_cell
,animating-disobey-163,0,0,score_cell || score_cell || score_cell || score_cell
,anime-stinger-749,0,0,score_cell || score_cell || score_cell || score_cell
,annex-partridge-233,0,0,score_cell || score_cell || score_cell || score_cell
,annoying-transpose-1112,0,0,score_cell || score_cell || score_cell || score_cell
,another-unrivaled-841,0,0,score_cell || score_cell || score_cell || score_cell
,antiquity-herring-1523,0,0,score_cell || score_cell || score_cell || score_cell
,antonym-huddling-192,0,0,score_cell || score_cell || score_cell || score_cell
,appeasing-nucleus-1076,0,0,score_cell || score_cell || score_cell || score_cell
,appendage-clamshell-175,0,0,score_cell || score_cell || score_cell || score_cell
,approach-straining-1289,0,0,score_cell || score_cell || score_cell || score_cell
,area-anthem-84,0,0,score_cell || score_cell || score_cell || score_cell
,armful-hypnosis-78,0,0,score_cell || score_cell || score_cell || score_cell
,armful-legume-881,0,0,score_cell || score_cell || score_cell || score_cell
,armrest-quantum-1318,0,0,score_cell || score_cell || score_cell || score_cell
,army-lash-729,0,0,score_cell || score_cell || score_cell || score_cell
,arose-geologist-291,0,0,score_cell || score_cell || score_cell || score_cell
,arrange-raider-965,0,0,score_cell || score_cell || score_cell || score_cell
,arrogance-flaky-489,0,0,score_cell || score_cell || score_cell || score_cell
,ascension-distract-1647,0,0,score_cell || score_cell || score_cell || score_cell
,ashamed-untagged-789,0,0,score_cell || score_cell || score_cell || score_cell
,ashen-magnesium-656,0,0,score_cell || score_cell || score_cell || score_cell
,aspirate-bunch-1302,0,0,score_cell || score_cell || score_cell || score_cell
,atonable-catwalk-1252,0,0,score_cell || score_cell || score_cell || score_cell
,atrophy-jumbo-879,0,0,score_cell || score_cell || score_cell || score_cell
,attach-heading-939,0,0,score_cell || score_cell || score_cell || score_cell
,attendee-unstylish-146,0,0,score_cell || score_cell || score_cell || score_cell
,attire-improper-1452,0,0,score_cell || score_cell || score_cell || score_cell
,autism-census-400,0,0,score_cell || score_cell || score_cell || score_cell
,autistic-payday-712,0,0,score_cell || score_cell || score_cell || score_cell
,avenue-lyrics-838,0,0,score_cell || score_cell || score_cell || score_cell
,avenue-sublime-870,0,0,score_cell || score_cell || score_cell || score_cell
,avoid-spoiler-1518,0,0,score_cell || score_cell || score_cell || score_cell
,await-dexterous-921,0,0,score_cell || score_cell || score_cell || score_cell
,axis-landscape-35,0,0,score_cell || score_cell || score_cell || score_cell
,babble-garland-762,0,0,score_cell || score_cell || score_cell || score_cell
,babble-vintage-611,0,0,score_cell || score_cell || score_cell || score_cell
,babied-escargot-1660,0,0,score_cell || score_cell || score_cell || score_cell
,backboned-galore-1443,0,0,score_cell || score_cell || score_cell || score_cell
,backed-mandate-1398,0,0,score_cell || score_cell || score_cell || score_cell
,backlands-unnatural-783,0,0,score_cell || score_cell || score_cell || score_cell
,backless-velocity-811,0,0,score_cell || score_cell || score_cell || score_cell
,backshift-trodden-66,0,0,score_cell || score_cell || score_cell || score_cell
,backspace-lung-285,0,0,score_cell || score_cell || score_cell || score_cell
,backspace-mortally-126,0,0,score_cell || score_cell || score_cell || score_cell
,backtalk-pyromania-1347,0,0,score_cell || score_cell || score_cell || score_cell
,backup-trodden-883,0,0,score_cell || score_cell || score_cell || score_cell
,backyard-arguable-531,0,0,score_cell || score_cell || score_cell || score_cell
,bacterium-passover-688,0,0,score_cell || score_cell || score_cell || score_cell
,bagful-sequester-386,0,0,score_cell || score_cell || score_cell || score_cell
,bagginess-splashed-278,0,0,score_cell || score_cell || score_cell || score_cell
,baguette-hesitant-1084,0,0,score_cell || score_cell || score_cell || score_cell
,balance-ample-799,0,0,score_cell || score_cell || score_cell || score_cell
,balance-chomp-1327,0,0,score_cell || score_cell || score_cell || score_cell
,balmy-cloning-658,0,0,score_cell || score_cell || score_cell || score_cell
,balmy-hemlock-441,0,0,score_cell || score_cell || score_cell || score_cell
,bankroll-jalapeno-345,0,0,score_cell || score_cell || score_cell || score_cell
,barley-salute-1438,0,0,score_cell || score_cell || score_cell || score_cell
,barometer-engorge-1613,0,0,score_cell || score_cell || score_cell || score_cell
,barstool-celibacy-1110,0,0,score_cell || score_cell || score_cell || score_cell
,bartender-pelt-1488,0,0,score_cell || score_cell || score_cell || score_cell
,bash-promotion-926,0,0,score_cell || score_cell || score_cell || score_cell
,basics-cure-1150,0,0,score_cell || score_cell || score_cell || score_cell
,blaspheme-latrine-1427,0,0,score_cell || score_cell || score_cell || score_cell
,blatantly-running-1579,0,0,score_cell || score_cell || score_cell || score_cell
,bleep-frighten-472,0,0,score_cell || score_cell || score_cell || score_cell
,blinked-defile-34,0,0,score_cell || score_cell || score_cell || score_cell
,blot-whimsical-969,0,0,score_cell || score_cell || score_cell || score_cell
,blubber-dipper-1362,0,0,score_cell || score_cell || score_cell || score_cell
,bluish-privacy-384,0,0,score_cell || score_cell || score_cell || score_cell
,blunderer-delusion-547,0,0,score_cell || score_cell || score_cell || score_cell
,blunt-overture-526,0,0,score_cell || score_cell || score_cell || score_cell
,blurry-automated-1418,0,0,score_cell || score_cell || score_cell || score_cell
,blurt-squid-1148,0,0,score_cell || score_cell || score_cell || score_cell
,blush-snarl-475,0,0,score_cell || score_cell || score_cell || score_cell
,boastful-wildcat-212,0,0,score_cell || score_cell || score_cell || score_cell
,bondless-amusable-1201,0,0,score_cell || score_cell || score_cell || score_cell
,boogeyman-clang-1531,0,0,score_cell || score_cell || score_cell || score_cell
,boogieman-shelving-860,0,0,score_cell || score_cell || score_cell || score_cell
,bootie-urban-810,0,0,score_cell || score_cell || score_cell || score_cell
,bovine-quickly-1221,0,0,score_cell || score_cell || score_cell || score_cell
,boxcar-conform-460,0,0,score_cell || score_cell || score_cell || score_cell
,boxing-gratified-75,0,0,score_cell || score_cell || score_cell || score_cell
,breeding-important-1215,0,0,score_cell || score_cell || score_cell || score_cell
,breezy-rocky-1282,0,0,score_cell || score_cell || score_cell || score_cell
,brick-coherent-168,0,0,score_cell || score_cell || score_cell || score_cell
,bright-flying-403,0,0,score_cell || score_cell || score_cell || score_cell
,broken-purifier-1120,0,0,score_cell || score_cell || score_cell || score_cell
,broom-onion-580,0,0,score_cell || score_cell || score_cell || score_cell
,brunt-concerned-336,0,0,score_cell || score_cell || score_cell || score_cell
,brussels-chummy-352,0,0,score_cell || score_cell || score_cell || score_cell
,brutishly-pointless-877,0,0,score_cell || score_cell || score_cell || score_cell
,bubbling-glove-923,0,0,score_cell || score_cell || score_cell || score_cell
,bucked-acuteness-1591,0,0,score_cell || score_cell || score_cell || score_cell
,buckskin-unranked-636,0,0,score_cell || score_cell || score_cell || score_cell
,buckwheat-phrasing-692,0,0,score_cell || score_cell || score_cell || score_cell
,budding-repave-1446,0,0,score_cell || score_cell || score_cell || score_cell
,budget-venomous-1609,0,0,score_cell || score_cell || score_cell || score_cell
,buffing-designer-1622,0,0,score_cell || score_cell || score_cell || score_cell
,buggy-calibrate-512,0,0,score_cell || score_cell || score_cell || score_cell
,buggy-unsent-42,0,0,score_cell || score_cell || score_cell || score_cell
,bulge-doorstep-956,0,0,score_cell || score_cell || score_cell || score_cell
,bulge-education-1213,0,0,score_cell || score_cell || score_cell || score_cell
,bulldozer-tactical-962,0,0,score_cell || score_cell || score_cell || score_cell
,bully-mounting-1516,0,0,score_cell || score_cell || score_cell || score_cell
,bully-strobe-1253,0,0,score_cell || score_cell || score_cell || score_cell
,cadillac-pelvis-82,0,0,score_cell || score_cell || score_cell || score_cell
,cadillac-wrongly-757,0,0,score_cell || score_cell || score_cell || score_cell
,campfire-hardcore-1212,0,0,score_cell || score_cell || score_cell || score_cell
,camping-destitute-46,0,0,score_cell || score_cell || score_cell || score_cell
,canine-spiritism-586,0,0,score_cell || score_cell || score_cell || score_cell
,canned-resubmit-1162,0,0,score_cell || score_cell || score_cell || score_cell
,cannon-agile-892,0,0,score_cell || score_cell || score_cell || score_cell
,capillary-kelp-115,0,0,score_cell || score_cell || score_cell || score_cell
,capitol-penknife-831,0,0,score_cell || score_cell || score_cell || score_cell
,cardboard-trident-201,0,0,score_cell || score_cell || score_cell || score_cell
,careless-untidy-1067,0,0,score_cell || score_cell || score_cell || score_cell
,caress-circulate-1626,0,0,score_cell || score_cell || score_cell || score_cell
,carried-unvarying-193,0,0,score_cell || score_cell || score_cell || score_cell
,carrot-footage-754,0,0,score_cell || score_cell || score_cell || score_cell
,carrot-unscathed-465,0,0,score_cell || score_cell || score_cell || score_cell
,cartel-dosage-814,0,0,score_cell || score_cell || score_cell || score_cell
,carve-populace-1392,0,0,score_cell || score_cell || score_cell || score_cell
,carwash-nurture-79,0,0,score_cell || score_cell || score_cell || score_cell
,cash-unpledged-663,0,0,score_cell || score_cell || score_cell || score_cell
,casualty-groin-650,0,0,score_cell || score_cell || score_cell || score_cell
,casualty-reformat-518,0,0,score_cell || score_cell || score_cell || score_cell
,catalyst-unimpeded-1313,0,0,score_cell || score_cell || score_cell || score_cell
,catatonic-bullseye-59,0,0,score_cell || score_cell || score_cell || score_cell
,caterer-reflected-634,0,0,score_cell || score_cell || score_cell || score_cell
,catlike-scotch-774,0,0,score_cell || score_cell || score_cell || score_cell
,catlike-zit-404,0,0,score_cell || score_cell || score_cell || score_cell
,caution-procurer-1208,0,0,score_cell || score_cell || score_cell || score_cell
,cavalry-closure-565,0,0,score_cell || score_cell || score_cell || score_cell
,caviar-cupbearer-435,0,0,score_cell || score_cell || score_cell || score_cell
,celibate-poison-680,0,0,score_cell || score_cell || score_cell || score_cell
,celtic-enforcer-1075,0,0,score_cell || score_cell || score_cell || score_cell
,census-imposing-1489,0,0,score_cell || score_cell || score_cell || score_cell
,certainty-jelly-1424,0,0,score_cell || score_cell || score_cell || score_cell
,certified-overshot-910,0,0,score_cell || score_cell || score_cell || score_cell
,change-playlist-1350,0,0,score_cell || score_cell || score_cell || score_cell
,chatting-isolating-121,0,0,score_cell || score_cell || score_cell || score_cell
,chatting-regress-1320,0,0,score_cell || score_cell || score_cell || score_cell
,cheek-rewire-253,0,0,score_cell || score_cell || score_cell || score_cell
,chef-hamstring-1163,0,0,score_cell || score_cell || score_cell || score_cell
,cherub-bush-1035,0,0,score_cell || score_cell || score_cell || score_cell
,chief-unbiased-629,0,0,score_cell || score_cell || score_cell || score_cell
,childless-circulate-484,0,0,score_cell || score_cell || score_cell || score_cell
,childless-dividend-1581,0,0,score_cell || score_cell || score_cell || score_cell
,chip-relive-521,0,0,score_cell || score_cell || score_cell || score_cell
,choosy-tycoon-1236,0,0,score_cell || score_cell || score_cell || score_cell
,chop-untreated-997,0,0,score_cell || score_cell || score_cell || score_cell
,chubby-saucy-1405,0,0,score_cell || score_cell || score_cell || score_cell
,chump-handcart-316,0,0,score_cell || score_cell || score_cell || score_cell
,city-cortex-428,0,0,score_cell || score_cell || score_cell || score_cell
,clamshell-storeroom-358,0,0,score_cell || score_cell || score_cell || score_cell
,clang-exorcist-418,0,0,score_cell || score_cell || score_cell || score_cell
,clapper-gyration-1387,0,0,score_cell || score_cell || score_cell || score_cell
,clarity-vocation-199,0,0,score_cell || score_cell || score_cell || score_cell
,class-pond-1177,0,0,score_cell || score_cell || score_cell || score_cell
,clatter-liability-349,0,0,score_cell || score_cell || score_cell || score_cell
,cleat-census-308,0,0,score_cell || score_cell || score_cell || score_cell
,cleat-sturdy-625,0,0,score_cell || score_cell || score_cell || score_cell
,clerk-numerator-427,0,0,score_cell || score_cell || score_cell || score_cell
,cling-corner-1068,0,0,score_cell || score_cell || score_cell || score_cell
,clip-crimson-1530,0,0,score_cell || score_cell || score_cell || score_cell
,clutter-thirstily-601,0,0,score_cell || score_cell || score_cell || score_cell
,coat-kisser-1369,0,0,score_cell || score_cell || score_cell || score_cell
,cofounder-frostlike-1326,0,0,score_cell || score_cell || score_cell || score_cell
,coherence-fruit-1188,0,0,score_cell || score_cell || score_cell || score_cell
,coleslaw-unsmooth-381,0,0,score_cell || score_cell || score_cell || score_cell
,collie-radiantly-1348,0,0,score_cell || score_cell || score_cell || score_cell
,colonial-crazy-1566,0,0,score_cell || score_cell || score_cell || score_cell
,comfort-dwindling-780,0,0,score_cell || score_cell || score_cell || score_cell
,coming-active-971,0,0,score_cell || score_cell || score_cell || score_cell
,commotion-landlady-896,0,0,score_cell || score_cell || score_cell || score_cell
,compactor-dropper-1245,0,0,score_cell || score_cell || score_cell || score_cell
,compare-reversion-275,0,0,score_cell || score_cell || score_cell || score_cell
,compel-dormitory-561,0,0,score_cell || score_cell || score_cell || score_cell
,compound-bulginess-793,0,0,score_cell || score_cell || score_cell || score_cell
,concept-unlit-745,0,0,score_cell || score_cell || score_cell || score_cell
,conducive-cheating-1521,0,0,score_cell || score_cell || score_cell || score_cell
,conducive-gangrene-268,0,0,score_cell || score_cell || score_cell || score_cell
,confess-cold-15,0,0,score_cell || score_cell || score_cell || score_cell
,confusion-proofread-1299,0,0,score_cell || score_cell || score_cell || score_cell
,consensus-marshland-1098,0,0,score_cell || score_cell || score_cell || score_cell
,container-lusty-1045,0,0,score_cell || score_cell || score_cell || score_cell
,contend-reps-955,0,0,score_cell || score_cell || score_cell || score_cell
,contour-amendable-1267,0,0,score_cell || score_cell || score_cell || score_cell
,copied-tamale-417,0,0,score_cell || score_cell || score_cell || score_cell
,copier-crabbing-1383,0,0,score_cell || score_cell || score_cell || score_cell
,cornball-resent-813,0,0,score_cell || score_cell || score_cell || score_cell
,cornstalk-nature-433,0,0,score_cell || score_cell || score_cell || score_cell
,cornstalk-reset-678,0,0,score_cell || score_cell || score_cell || score_cell
,corset-overshot-52,0,0,score_cell || score_cell || score_cell || score_cell
,cortex-bonnet-61,0,0,score_cell || score_cell || score_cell || score_cell
,cosigner-unthawed-898,0,0,score_cell || score_cell || score_cell || score_cell
,cosmic-coasting-1105,0,0,score_cell || score_cell || score_cell || score_cell
,cosmos-buckshot-842,0,0,score_cell || score_cell || score_cell || score_cell
,countdown-security-785,0,0,score_cell || score_cell || score_cell || score_cell
,counting-eternity-1637,0,0,score_cell || score_cell || score_cell || score_cell
,crabbing-linguini-333,0,0,score_cell || score_cell || score_cell || score_cell
,crablike-curable-1468,0,0,score_cell || score_cell || score_cell || score_cell
,crafty-aviation-23,0,0,score_cell || score_cell || score_cell || score_cell
,cranberry-imply-872,0,0,score_cell || score_cell || score_cell || score_cell
,crayon-scoundrel-132,0,0,score_cell || score_cell || score_cell || score_cell
,crazily-running-1540,0,0,score_cell || score_cell || score_cell || score_cell
,craziness-monoxide-1109,0,0,score_cell || score_cell || score_cell || score_cell
,crease-proposal-837,0,0,score_cell || score_cell || score_cell || score_cell
,creatable-gummy-549,0,0,score_cell || score_cell || score_cell || score_cell
,creation-sternum-290,0,0,score_cell || score_cell || score_cell || score_cell
,credit-basin-850,0,0,score_cell || score_cell || score_cell || score_cell
,creed-embolism-833,0,0,score_cell || score_cell || score_cell || score_cell
,crested-tinsmith-180,0,0,score_cell || score_cell || score_cell || score_cell
,cricket-germicide-74,0,0,score_cell || score_cell || score_cell || score_cell
,cried-ceremony-269,0,0,score_cell || score_cell || score_cell || score_cell
,crier-machinist-44,0,0,score_cell || score_cell || score_cell || score_cell
,crimp-cornbread-683,0,0,score_cell || score_cell || score_cell || score_cell
,cringing-unplanted-1467,0,0,score_cell || score_cell || score_cell || score_cell
,crisping-hurried-90,0,0,score_cell || score_cell || score_cell || score_cell
,croon-ablaze-908,0,0,score_cell || score_cell || score_cell || score_cell
,crown-groovy-897,0,0,score_cell || score_cell || score_cell || score_cell
,crown-urologist-150,0,0,score_cell || score_cell || score_cell || score_cell
,crudeness-paramount-928,0,0,score_cell || score_cell || score_cell || score_cell
,cruelness-sighing-1290,0,0,score_cell || score_cell || score_cell || score_cell
,crumb-parachute-312,0,0,score_cell || score_cell || score_cell || score_cell
,crumb-showroom-171,0,0,score_cell || score_cell || score_cell || score_cell
,crumpet-armband-1258,0,0,score_cell || score_cell || score_cell || score_cell
,crusader-maybe-773,0,0,score_cell || score_cell || score_cell || score_cell
,crushing-pregnancy-668,0,0,score_cell || score_cell || score_cell || score_cell
,crux-justice-695,0,0,score_cell || score_cell || score_cell || score_cell
,culpable-skintight-320,0,0,score_cell || score_cell || score_cell || score_cell
,culprit-stimulant-1454,0,0,score_cell || score_cell || score_cell || score_cell
,cupbearer-unshaven-1337,0,0,score_cell || score_cell || score_cell || score_cell
,curse-recipient-1195,0,0,score_cell || score_cell || score_cell || score_cell
,custard-embroider-1197,0,0,score_cell || score_cell || score_cell || score_cell
,customs-strode-282,0,0,score_cell || score_cell || score_cell || score_cell
,daily-shallow-172,0,0,score_cell || score_cell || score_cell || score_cell
,daisy-freeness-1158,0,0,score_cell || score_cell || score_cell || score_cell
,danger-festivity-412,0,0,score_cell || score_cell || score_cell || score_cell
,darkening-lively-1312,0,0,score_cell || score_cell || score_cell || score_cell
,darwinism-smoked-148,0,0,score_cell || score_cell || score_cell || score_cell
,daycare-mushroom-560,0,0,score_cell || score_cell || score_cell || score_cell
,deafening-cadillac-782,0,0,score_cell || score_cell || score_cell || score_cell
,dealer-oppressor-3,0,0,score_cell || score_cell || score_cell || score_cell
,dealing-conch-719,0,0,score_cell || score_cell || score_cell || score_cell
,dean-laxative-1470,0,0,score_cell || score_cell || score_cell || score_cell
,dean-tibia-772,0,0,score_cell || score_cell || score_cell || score_cell
,debatable-drizzle-1554,0,0,score_cell || score_cell || score_cell || score_cell
,debatable-hypocrisy-1339,0,0,score_cell || score_cell || score_cell || score_cell
,debatable-sponge-704,0,0,score_cell || score_cell || score_cell || score_cell
,debate-crank-11,0,0,score_cell || score_cell || score_cell || score_cell
,debit-around-815,0,0,score_cell || score_cell || score_cell || score_cell
,debtless-resend-189,0,0,score_cell || score_cell || score_cell || score_cell
,debtor-retired-986,0,0,score_cell || score_cell || score_cell || score_cell
,decal-synergy-443,0,0,score_cell || score_cell || score_cell || score_cell
,decay-storable-1247,0,0,score_cell || score_cell || score_cell || score_cell
,decimal-egging-862,0,0,score_cell || score_cell || score_cell || score_cell
,decoy-dean-735,0,0,score_cell || score_cell || score_cell || score_cell
,deed-steep-1494,0,0,score_cell || score_cell || score_cell || score_cell
,deeply-unaware-1036,0,0,score_cell || score_cell || score_cell || score_cell
,deeply-unglue-1096,0,0,score_cell || score_cell || score_cell || score_cell
,deepness-chip-747,0,0,score_cell || score_cell || score_cell || score_cell
,deface-groin-1371,0,0,score_cell || score_cell || score_cell || score_cell
,defacing-mongrel-463,0,0,score_cell || score_cell || score_cell || score_cell
,defacing-thus-1028,0,0,score_cell || score_cell || score_cell || score_cell
,defensive-gusty-89,0,0,score_cell || score_cell || score_cell || score_cell
,deferral-worrier-1314,0,0,score_cell || score_cell || score_cell || score_cell
,definite-subtitle-488,0,0,score_cell || score_cell || score_cell || score_cell
,deflate-suffice-776,0,0,score_cell || score_cell || score_cell || score_cell
,deflator-affecting-105,0,0,score_cell || score_cell || score_cell || score_cell
,delegate-candle-589,0,0,score_cell || score_cell || score_cell || score_cell
,delirium-hate-1152,0,0,score_cell || score_cell || score_cell || score_cell
,demise-dealt-739,0,0,score_cell || score_cell || score_cell || score_cell
,deniable-bunch-1029,0,0,score_cell || score_cell || score_cell || score_cell
,depraved-landmass-805,0,0,score_cell || score_cell || score_cell || score_cell
,depress-imagines-1008,0,0,score_cell || score_cell || score_cell || score_cell
,depress-stainless-802,0,0,score_cell || score_cell || score_cell || score_cell
,depth-suburb-1011,0,0,score_cell || score_cell || score_cell || score_cell
,desolate-regroup-122,0,0,score_cell || score_cell || score_cell || score_cell
,detached-mountable-1323,0,0,score_cell || score_cell || score_cell || score_cell
,detective-scouting-687,0,0,score_cell || score_cell || score_cell || score_cell
,detergent-chariot-779,0,0,score_cell || score_cell || score_cell || score_cell
,detonator-stylist-1610,0,0,score_cell || score_cell || score_cell || score_cell
,deviancy-mollusk-476,0,0,score_cell || score_cell || score_cell || score_cell
,deviant-pursuable-1414,0,0,score_cell || score_cell || score_cell || score_cell
,diabetes-occupancy-1562,0,0,score_cell || score_cell || score_cell || score_cell
,dial-tapping-1600,0,0,score_cell || score_cell || score_cell || score_cell
,diameter-festive-777,0,0,score_cell || score_cell || score_cell || score_cell
,diary-preacher-507,0,0,score_cell || score_cell || score_cell || score_cell
,difficult-customize-1598,0,0,score_cell || score_cell || score_cell || score_cell
,diffusive-unlisted-318,0,0,score_cell || score_cell || score_cell || score_cell
,dilation-bonehead-504,0,0,score_cell || score_cell || score_cell || score_cell
,dimmer-popular-91,0,0,score_cell || score_cell || score_cell || score_cell
,diploma-shell-153,0,0,score_cell || score_cell || score_cell || score_cell
,directive-unveiling-1206,0,0,score_cell || score_cell || score_cell || score_cell
,disarray-suffrage-1000,0,0,score_cell || score_cell || score_cell || score_cell
,discharge-stability-1054,0,0,score_cell || score_cell || score_cell || score_cell
,discount-january-851,0,0,score_cell || score_cell || score_cell || score_cell
,discourse-myself-1648,0,0,score_cell || score_cell || score_cell || score_cell
,discover-relenting-1310,0,0,score_cell || score_cell || score_cell || score_cell
,disjoin-absolve-1657,0,0,score_cell || score_cell || score_cell || score_cell
,disjoin-unkind-329,0,0,score_cell || score_cell || score_cell || score_cell
,dislike-justice-260,0,0,score_cell || score_cell || score_cell || score_cell
,dislodge-talon-1426,0,0,score_cell || score_cell || score_cell || score_cell
,dislodge-underpaid-873,0,0,score_cell || score_cell || score_cell || score_cell
,dismantle-coherence-535,0,0,score_cell || score_cell || score_cell || score_cell
,dismay-resubmit-1620,0,0,score_cell || score_cell || score_cell || score_cell
,display-venture-637,0,0,score_cell || score_cell || score_cell || score_cell
,distant-kept-1315,0,0,score_cell || score_cell || score_cell || score_cell
,distaste-reapply-890,0,0,score_cell || score_cell || score_cell || score_cell
,ditzy-distance-166,0,0,score_cell || score_cell || score_cell || score_cell
,diving-mutation-541,0,0,score_cell || score_cell || score_cell || score_cell
,divinity-elusive-558,0,0,score_cell || score_cell || score_cell || score_cell
,divisibly-angelfish-1138,0,0,score_cell || score_cell || score_cell || score_cell
,doing-cheer-982,0,0,score_cell || score_cell || score_cell || score_cell
,dominoes-kinsman-1596,0,0,score_cell || score_cell || score_cell || score_cell
,doorframe-ammonia-94,0,0,score_cell || score_cell || score_cell || score_cell
,doorpost-say-1399,0,0,score_cell || score_cell || score_cell || score_cell
,doubling-flaring-559,0,0,score_cell || score_cell || score_cell || score_cell
,doubling-flavorful-1004,0,0,score_cell || score_cell || score_cell || score_cell
,dragonfly-primary-522,0,0,score_cell || score_cell || score_cell || score_cell
,drainpipe-document-1288,0,0,score_cell || score_cell || score_cell || score_cell
,driller-discard-1642,0,0,score_cell || score_cell || score_cell || score_cell
,driller-hacker-912,0,0,score_cell || score_cell || score_cell || score_cell
,drilling-moneybags-71,0,0,score_cell || score_cell || score_cell || score_cell
,drippy-linoleum-567,0,0,score_cell || score_cell || score_cell || score_cell
,drizzle-reawake-1137,0,0,score_cell || score_cell || score_cell || score_cell
,dropbox-eggplant-200,0,0,score_cell || score_cell || score_cell || score_cell
,dropdown-upstart-1484,0,0,score_cell || score_cell || score_cell || score_cell
,droplet-splurge-1522,0,0,score_cell || score_cell || score_cell || score_cell
,drum-matchless-143,0,0,score_cell || score_cell || score_cell || score_cell
,drum-prefix-540,0,0,score_cell || score_cell || score_cell || score_cell
,ducking-unscrew-361,0,0,score_cell || score_cell || score_cell || score_cell
,duckling-cornstalk-737,0,0,score_cell || score_cell || score_cell || score_cell
,dugout-ether-19,0,0,score_cell || score_cell || score_cell || score_cell
,dugout-expansive-496,0,0,score_cell || score_cell || score_cell || score_cell
,duh-progress-399,0,0,score_cell || score_cell || score_cell || score_cell
,dullness-colonial-682,0,0,score_cell || score_cell || score_cell || score_cell
,duly-liftoff-1071,0,0,score_cell || score_cell || score_cell || score_cell
,dust-pancake-1089,0,0,score_cell || score_cell || score_cell || score_cell
,dust-squeak-775,0,0,score_cell || score_cell || score_cell || score_cell
,dwarf-lion-644,0,0,score_cell || score_cell || score_cell || score_cell
,dweller-update-557,0,0,score_cell || score_cell || score_cell || score_cell
,dwelling-slang-1658,0,0,score_cell || score_cell || score_cell || score_cell
,dwindle-bullring-1501,0,0,score_cell || score_cell || score_cell || score_cell
,dynamite-hummus-1561,0,0,score_cell || score_cell || score_cell || score_cell
,earache-dividing-1268,0,0,score_cell || score_cell || score_cell || score_cell
,earphone-hamburger-1652,0,0,score_cell || score_cell || score_cell || score_cell
,earshot-unusual-437,0,0,score_cell || score_cell || score_cell || score_cell
,earthlike-protrude-1464,0,0,score_cell || score_cell || score_cell || score_cell
,earthly-starry-994,0,0,score_cell || score_cell || score_cell || score_cell
,easeful-blighted-1526,0,0,score_cell || score_cell || score_cell || score_cell
,easiest-shallow-57,0,0,score_cell || score_cell || score_cell || score_cell
,eaten-gallows-974,0,0,score_cell || score_cell || score_cell || score_cell
,eating-revision-1390,0,0,score_cell || score_cell || score_cell || score_cell
,eats-runny-911,0,0,score_cell || score_cell || score_cell || score_cell
,eclair-endurance-202,0,0,score_cell || score_cell || score_cell || score_cell
,eclair-pleat-1527,0,0,score_cell || score_cell || score_cell || score_cell
,eclair-unholy-1621,0,0,score_cell || score_cell || score_cell || score_cell
,economic-floral-138,0,0,score_cell || score_cell || score_cell || score_cell
,editor-ivy-791,0,0,score_cell || score_cell || score_cell || score_cell
,educator-prompter-659,0,0,score_cell || score_cell || score_cell || score_cell
,effects-latitude-1161,0,0,score_cell || score_cell || score_cell || score_cell
,eldercare-percent-1294,0,0,score_cell || score_cell || score_cell || score_cell
,elitism-elk-1343,0,0,score_cell || score_cell || score_cell || score_cell
,elope-shortcake-419,0,0,score_cell || score_cell || score_cell || score_cell
,elude-pancake-1140,0,0,score_cell || score_cell || score_cell || score_cell
,embassy-surface-211,0,0,score_cell || score_cell || score_cell || score_cell
,embody-moisture-317,0,0,score_cell || score_cell || score_cell || score_cell
,emcee-autism-377,0,0,2 tries | score_cell || score_cell || score_cell || score_cell
,emission-cleft-223,0,0,score_cell || score_cell || score_cell || score_cell
,emoticon-qualified-843,0,0,score_cell || score_cell || score_cell || score_cell
,empirical-equator-1471,0,0,score_cell || score_cell || score_cell || score_cell
,emptiness-mandatory-1557,0,0,score_cell || score_cell || score_cell || score_cell
,enchanted-espionage-242,0,0,score_cell || score_cell || score_cell || score_cell
,enclose-bouncy-1063,0,0,score_cell || score_cell || score_cell || score_cell
,engorge-cola-1248,0,0,score_cell || score_cell || score_cell || score_cell
,engraver-stabilize-41,0,0,score_cell || score_cell || score_cell || score_cell
,engraving-crop-932,0,0,score_cell || score_cell || score_cell || score_cell
,enlisted-dust-1353,0,0,score_cell || score_cell || score_cell || score_cell
,ensnare-molar-439,0,0,score_cell || score_cell || score_cell || score_cell
,entity-curvature-445,0,0,score_cell || score_cell || score_cell || score_cell
,entourage-partake-807,0,0,score_cell || score_cell || score_cell || score_cell
,enunciate-donated-1630,0,0,score_cell || score_cell || score_cell || score_cell
,envision-landed-406,0,0,score_cell || score_cell || score_cell || score_cell
,erased-drove-1430,0,0,score_cell || score_cell || score_cell || score_cell
,escalate-mardi-50,0,0,score_cell || score_cell || score_cell || score_cell
,escalator-skyrocket-251,0,0,score_cell || score_cell || score_cell || score_cell
,escapable-alumni-1240,0,0,score_cell || score_cell || score_cell || score_cell
,escapade-bogus-360,0,0,score_cell || score_cell || score_cell || score_cell
,escapist-footsie-154,0,0,score_cell || score_cell || score_cell || score_cell
,essay-spiral-574,0,0,score_cell || score_cell || score_cell || score_cell
,establish-cornbread-1292,0,0,score_cell || score_cell || score_cell || score_cell
,ether-lazily-763,0,0,score_cell || score_cell || score_cell || score_cell
,ethics-trodden-432,0,0,score_cell || score_cell || score_cell || score_cell
,even-unequal-1584,0,0,score_cell || score_cell || score_cell || score_cell
,everybody-resigned-136,0,0,score_cell || score_cell || score_cell || score_cell
,evict-supreme-1363,0,0,score_cell || score_cell || score_cell || score_cell
,exalted-laxative-1631,0,0,score_cell || score_cell || score_cell || score_cell
,exceeding-sublime-1373,0,0,score_cell || score_cell || score_cell || score_cell
,exchange-sputter-642,0,0,score_cell || score_cell || score_cell || score_cell
,excitable-unbaked-546,0,0,score_cell || score_cell || score_cell || score_cell
,excluding-untamed-720,0,0,score_cell || score_cell || score_cell || score_cell
,exerciser-unfunded-1483,0,0,score_cell || score_cell || score_cell || score_cell
,exfoliate-unaware-1512,0,0,score_cell || score_cell || score_cell || score_cell
,extending-simile-1169,0,0,score_cell || score_cell || score_cell || score_cell
,extras-bleach-591,0,0,score_cell || score_cell || score_cell || score_cell
,extras-coastal-855,0,0,score_cell || score_cell || score_cell || score_cell
,extruding-basis-40,0,0,score_cell || score_cell || score_cell || score_cell
,exuberant-refinery-1391,0,0,score_cell || score_cell || score_cell || score_cell
,faceplate-speckled-764,0,0,score_cell || score_cell || score_cell || score_cell
,faculty-kilometer-187,0,0,score_cell || score_cell || score_cell || score_cell
,fading-fantastic-845,0,0,score_cell || score_cell || score_cell || score_cell
,failing-trapezoid-1107,0,0,score_cell || score_cell || score_cell || score_cell
,falcon-gulf-1193,0,0,score_cell || score_cell || score_cell || score_cell
,false-unpleased-257,0,0,score_cell || score_cell || score_cell || score_cell
,falsify-derby-137,0,0,score_cell || score_cell || score_cell || score_cell
,falsify-employee-1251,0,0,score_cell || score_cell || score_cell || score_cell
,fancied-atrium-198,0,0,score_cell || score_cell || score_cell || score_cell
,fancy-carbon-1042,0,0,score_cell || score_cell || score_cell || score_cell
,fantastic-smudge-351,0,0,score_cell || score_cell || score_cell || score_cell
,fastball-omega-1328,0,0,score_cell || score_cell || score_cell || score_cell
,faucet-spiral-738,0,0,score_cell || score_cell || score_cell || score_cell
,favorable-footboard-60,0,0,score_cell || score_cell || score_cell || score_cell
,favored-entail-812,0,0,score_cell || score_cell || score_cell || score_cell
,feeble-attempt-283,0,0,score_cell || score_cell || score_cell || score_cell
,feisty-sanitary-1308,0,0,score_cell || score_cell || score_cell || score_cell
,feline-blurb-1173,0,0,score_cell || score_cell || score_cell || score_cell
,feminist-linked-1458,0,0,score_cell || score_cell || score_cell || score_cell
,feminist-speed-1301,0,0,score_cell || score_cell || score_cell || score_cell
,femur-broadband-800,0,0,score_cell || score_cell || score_cell || score_cell
,fetal-reliant-1492,0,0,score_cell || score_cell || score_cell || score_cell
,fetch-vitally-306,0,0,score_cell || score_cell || score_cell || score_cell
,fiddle-promenade-1170,0,0,score_cell || score_cell || score_cell || score_cell
,fidgety-grieving-1151,0,0,score_cell || score_cell || score_cell || score_cell
,fifth-cattishly-1503,0,0,score_cell || score_cell || score_cell || score_cell
,figment-sweat-664,0,0,score_cell || score_cell || score_cell || score_cell
,film-kudos-99,0,0,score_cell || score_cell || score_cell || score_cell
,filth-backspin-1179,0,0,score_cell || score_cell || score_cell || score_cell
,finless-strainer-1101,0,0,score_cell || score_cell || score_cell || score_cell
,fit-enlighten-161,0,0,score_cell || score_cell || score_cell || score_cell
,flagstone-cilantro-723,0,0,score_cell || score_cell || score_cell || score_cell
,flaring-banister-1200,0,0,score_cell || score_cell || score_cell || score_cell
,flatbed-pushiness-1032,0,0,score_cell || score_cell || score_cell || score_cell
,flatfoot-smashing-972,0,0,score_cell || score_cell || score_cell || score_cell
,flatness-nullify-801,0,0,score_cell || score_cell || score_cell || score_cell
,flattery-gamma-1539,0,0,score_cell || score_cell || score_cell || score_cell
,flatworm-pushy-1396,0,0,score_cell || score_cell || score_cell || score_cell
,flatworm-visitor-582,0,0,score_cell || score_cell || score_cell || score_cell
,flavored-hurling-1606,0,0,score_cell || score_cell || score_cell || score_cell
,flier-renegade-449,0,0,score_cell || score_cell || score_cell || score_cell
,flier-reporter-9,0,0,score_cell || score_cell || score_cell || score_cell
,flirt-stray-309,0,0,score_cell || score_cell || score_cell || score_cell
,flypaper-pagan-273,0,0,score_cell || score_cell || score_cell || score_cell
,folic-clapped-1553,0,0,score_cell || score_cell || score_cell || score_cell
,follow-pretender-434,0,0,score_cell || score_cell || score_cell || score_cell
,footbath-riveter-1617,0,0,score_cell || score_cell || score_cell || score_cell
,footboard-glorify-836,0,0,score_cell || score_cell || score_cell || score_cell
,footgear-frigidly-976,0,0,score_cell || score_cell || score_cell || score_cell
,footless-prize-641,0,0,score_cell || score_cell || score_cell || score_cell
,fountain-duke-649,0,0,score_cell || score_cell || score_cell || score_cell
,fragment-joyfully-696,0,0,score_cell || score_cell || score_cell || score_cell
,freckles-epidemic-295,0,0,score_cell || score_cell || score_cell || score_cell
,freely-clinking-765,0,0,score_cell || score_cell || score_cell || score_cell
,freely-vantage-1334,0,0,score_cell || score_cell || score_cell || score_cell
,freemason-breeches-376,0,0,score_cell || score_cell || score_cell || score_cell
,freemason-creatable-868,0,0,score_cell || score_cell || score_cell || score_cell
,french-populace-388,0,0,score_cell || score_cell || score_cell || score_cell
,frequent-cause-1563,0,0,score_cell || score_cell || score_cell || score_cell
,fresh-valley-1549,0,0,score_cell || score_cell || score_cell || score_cell
,fretful-lividly-514,0,0,score_cell || score_cell || score_cell || score_cell
,fretful-unfocused-1504,0,0,score_cell || score_cell || score_cell || score_cell
,frighten-outscore-1007,0,0,score_cell || score_cell || score_cell || score_cell
,fringe-charbroil-1404,0,0,score_cell || score_cell || score_cell || score_cell
,frolic-produce-178,0,0,score_cell || score_cell || score_cell || score_cell
,frosting-kudos-1295,0,0,score_cell || score_cell || score_cell || score_cell
,froth-knee-732,0,0,score_cell || score_cell || score_cell || score_cell
,frown-trillion-425,0,0,score_cell || score_cell || score_cell || score_cell
,gab-situation-1432,0,0,score_cell || score_cell || score_cell || score_cell
,gala-consoling-110,0,0,score_cell || score_cell || score_cell || score_cell
,gallantly-aghast-1356,0,0,score_cell || score_cell || score_cell || score_cell
,galore-dreamily-173,0,0,score_cell || score_cell || score_cell || score_cell
,gambling-apricot-1130,0,0,score_cell || score_cell || score_cell || score_cell
,garage-parade-1571,0,0,score_cell || score_cell || score_cell || score_cell
,garlic-trailside-298,0,0,score_cell || score_cell || score_cell || score_cell
,garnish-chosen-1588,0,0,score_cell || score_cell || score_cell || score_cell
,gating-jolliness-1568,0,0,score_cell || score_cell || score_cell || score_cell
,gauging-operator-1425,0,0,score_cell || score_cell || score_cell || score_cell
,gave-dragonfly-339,0,0,score_cell || score_cell || score_cell || score_cell
,gear-rename-891,0,0,score_cell || score_cell || score_cell || score_cell
,gear-spur-630,0,0,score_cell || score_cell || score_cell || score_cell
,geiger-diaper-759,0,0,score_cell || score_cell || score_cell || score_cell
,generic-shopper-1385,0,0,score_cell || score_cell || score_cell || score_cell
,genre-perfectly-803,0,0,score_cell || score_cell || score_cell || score_cell
,germinate-reversing-499,0,0,score_cell || score_cell || score_cell || score_cell
,germless-truth-602,0,0,score_cell || score_cell || score_cell || score_cell
,giblet-ambiguous-1567,0,0,score_cell || score_cell || score_cell || score_cell
,giddy-affluent-1528,0,0,score_cell || score_cell || score_cell || score_cell
,gigolo-enviable-162,0,0,score_cell || score_cell || score_cell || score_cell
,gilled-cascade-937,0,0,score_cell || score_cell || score_cell || score_cell
,gills-smugly-221,0,0,score_cell || score_cell || score_cell || score_cell
,given-railcar-125,0,0,score_cell || score_cell || score_cell || score_cell
,giver-capably-363,0,0,score_cell || score_cell || score_cell || score_cell
,gizmo-sliver-1582,0,0,score_cell || score_cell || score_cell || score_cell
,glacier-unable-1002,0,0,score_cell || score_cell || score_cell || score_cell
,gloomily-scarily-43,0,0,score_cell || score_cell || score_cell || score_cell
,glorified-landlady-1040,0,0,score_cell || score_cell || score_cell || score_cell
,glorify-armless-478,0,0,score_cell || score_cell || score_cell || score_cell
,gloss-yodel-530,0,0,score_cell || score_cell || score_cell || score_cell
,glue-dreamless-622,0,0,score_cell || score_cell || score_cell || score_cell
,goldmine-discern-301,0,0,score_cell || score_cell || score_cell || score_cell
,golf-oxygen-1022,0,0,score_cell || score_cell || score_cell || score_cell
,gory-repackage-254,0,0,score_cell || score_cell || score_cell || score_cell
,graceful-december-1603,0,0,score_cell || score_cell || score_cell || score_cell
,graceless-coagulant-1072,0,0,score_cell || score_cell || score_cell || score_cell
,grading-drier-519,0,0,score_cell || score_cell || score_cell || score_cell
,grafted-unmarked-1053,0,0,score_cell || score_cell || score_cell || score_cell
,grandma-sibling-218,0,0,score_cell || score_cell || score_cell || score_cell
,granular-yeast-1469,0,0,score_cell || score_cell || score_cell || score_cell
,gratified-drivable-653,0,0,score_cell || score_cell || score_cell || score_cell
,gratitude-anyplace-1231,0,0,score_cell || score_cell || score_cell || score_cell
,gratitude-resisting-940,0,0,score_cell || score_cell || score_cell || score_cell
,graveness-spearhead-1001,0,0,score_cell || score_cell || score_cell || score_cell
,grid-facedown-310,0,0,score_cell || score_cell || score_cell || score_cell
,grid-italics-816,0,0,score_cell || score_cell || score_cell || score_cell
,grimacing-juice-671,0,0,score_cell || score_cell || score_cell || score_cell
,grope-rule-852,0,0,score_cell || score_cell || score_cell || score_cell
,ground-licorice-347,0,0,score_cell || score_cell || score_cell || score_cell
,grub-exerciser-395,0,0,score_cell || score_cell || score_cell || score_cell
,grueling-outfield-1204,0,0,score_cell || score_cell || score_cell || score_cell
,grumpily-tumble-423,0,0,score_cell || score_cell || score_cell || score_cell
,grunt-boxcar-1136,0,0,score_cell || score_cell || score_cell || score_cell
,guide-gallstone-279,0,0,score_cell || score_cell || score_cell || score_cell
,guise-self-755,0,0,score_cell || score_cell || score_cell || score_cell
,gumball-acquaint-943,0,0,score_cell || score_cell || score_cell || score_cell
,gurgle-cedar-1097,0,0,score_cell || score_cell || score_cell || score_cell
,gurgle-computer-222,0,0,score_cell || score_cell || score_cell || score_cell
,gush-junior-1429,0,0,score_cell || score_cell || score_cell || score_cell
,gutter-radial-1536,0,0,score_cell || score_cell || score_cell || score_cell
,guzzler-scuttle-1291,0,0,score_cell || score_cell || score_cell || score_cell
,gyration-tribute-627,0,0,score_cell || score_cell || score_cell || score_cell
,habitant-flyaway-1481,0,0,score_cell || score_cell || score_cell || score_cell
,hacked-bullring-27,0,0,score_cell || score_cell || score_cell || score_cell
,had-default-1060,0,0,score_cell || score_cell || score_cell || score_cell
,handed-engulf-934,0,0,score_cell || score_cell || score_cell || score_cell
,handgrip-purposely-207,0,0,score_cell || score_cell || score_cell || score_cell
,handmade-dreamily-1228,0,0,score_cell || score_cell || score_cell || score_cell
,handpick-crabgrass-534,0,0,score_cell || score_cell || score_cell || score_cell
,handset-nastily-114,0,0,score_cell || score_cell || score_cell || score_cell
,handsfree-vacancy-587,0,0,score_cell || score_cell || score_cell || score_cell
,handshake-yapping-597,0,0,score_cell || score_cell || score_cell || score_cell
,handstand-wick-1493,0,0,score_cell || score_cell || score_cell || score_cell
,handwash-spout-618,0,0,score_cell || score_cell || score_cell || score_cell
,hankering-freebee-771,0,0,score_cell || score_cell || score_cell || score_cell
,happier-sustainer-1242,0,0,score_cell || score_cell || score_cell || score_cell
,hardiness-chatting-1165,0,0,score_cell || score_cell || score_cell || score_cell
,hardwood-system-989,0,0,score_cell || score_cell || score_cell || score_cell
,harmonize-smasher-1355,0,0,score_cell || score_cell || score_cell || score_cell
,harsh-unsorted-1448,0,0,score_cell || score_cell || score_cell || score_cell
,hash-unease-440,0,0,score_cell || score_cell || score_cell || score_cell
,hastiness-driving-191,0,0,score_cell || score_cell || score_cell || score_cell
,hatbox-tartness-256,0,0,score_cell || score_cell || score_cell || score_cell
,haven-lemon-1605,0,0,score_cell || score_cell || score_cell || score_cell
,hazing-unluckily-987,0,0,score_cell || score_cell || score_cell || score_cell
,headdress-dental-167,0,0,score_cell || score_cell || score_cell || score_cell
,headlamp-snugness-1039,0,0,score_cell || score_cell || score_cell || score_cell
,headrest-altitude-1552,0,0,score_cell || score_cell || score_cell || score_cell
,headset-cartoon-286,0,0,score_cell || score_cell || score_cell || score_cell
,headset-revision-778,0,0,score_cell || score_cell || score_cell || score_cell
,headway-plausibly-643,0,0,score_cell || score_cell || score_cell || score_cell
,heap-shining-968,0,0,score_cell || score_cell || score_cell || score_cell
,hedging-scabbed-346,0,0,score_cell || score_cell || score_cell || score_cell
,heftiness-cable-389,0,0,score_cell || score_cell || score_cell || score_cell
,heftiness-cornea-62,0,0,score_cell || score_cell || score_cell || score_cell
,helping-decorator-297,0,0,score_cell || score_cell || score_cell || score_cell
,herald-trembling-1196,0,0,score_cell || score_cell || score_cell || score_cell
,herring-celery-1088,0,0,score_cell || score_cell || score_cell || score_cell
,hula-robbing-985,0,0,score_cell || score_cell || score_cell || score_cell
,humming-durably-1202,0,0,score_cell || score_cell || score_cell || score_cell
,hummus-squeeze-1118,0,0,score_cell || score_cell || score_cell || score_cell
,humorless-dumpster-492,0,0,score_cell || score_cell || score_cell || score_cell
,humvee-obtuse-487,0,0,score_cell || score_cell || score_cell || score_cell
,hush-patience-925,0,0,score_cell || score_cell || score_cell || score_cell
,hush-stomp-588,0,0,score_cell || score_cell || score_cell || score_cell
,husked-grievous-1108,0,0,score_cell || score_cell || score_cell || score_cell
,hydrogen-aerosol-979,0,0,score_cell || score_cell || score_cell || score_cell
,hyperlink-kung-1100,0,0,score_cell || score_cell || score_cell || score_cell
,hypnotist-wasting-45,0,0,score_cell || score_cell || score_cell || score_cell
,hypocrisy-doily-1367,0,0,score_cell || score_cell || score_cell || score_cell
,ice-detection-734,0,0,score_cell || score_cell || score_cell || score_cell
,icon-morbidity-1019,0,0,score_cell || score_cell || score_cell || score_cell
,identify-grievance-1244,0,0,score_cell || score_cell || score_cell || score_cell
,idly-lullaby-491,0,0,score_cell || score_cell || score_cell || score_cell
,illusion-gumball-1009,0,0,score_cell || score_cell || score_cell || score_cell
,image-croon-578,0,0,score_cell || score_cell || score_cell || score_cell
,immodest-cryptic-970,0,0,score_cell || score_cell || score_cell || score_cell
,immodest-reconvene-1175,0,0,score_cell || score_cell || score_cell || score_cell
,immovable-wistful-1298,0,0,score_cell || score_cell || score_cell || score_cell
,immovably-trident-469,0,0,score_cell || score_cell || score_cell || score_cell
,impart-singer-1346,0,0,score_cell || score_cell || score_cell || score_cell
,implosion-evoke-919,0,0,score_cell || score_cell || score_cell || score_cell
,impotence-mockup-37,0,0,score_cell || score_cell || score_cell || score_cell
,imprint-abide-684,0,0,score_cell || score_cell || score_cell || score_cell
,imprison-express-174,0,0,score_cell || score_cell || score_cell || score_cell
,impurity-vegan-240,0,0,score_cell || score_cell || score_cell || score_cell
,iphone-rewash-1061,0,0,score_cell || score_cell || score_cell || score_cell
,iron-amaze-1507,0,0,score_cell || score_cell || score_cell || score_cell
,islamist-stifle-1103,0,0,score_cell || score_cell || score_cell || score_cell
,item-alienable-1038,0,0,score_cell || score_cell || score_cell || score_cell
,itinerary-referable-131,0,0,score_cell || score_cell || score_cell || score_cell
,ivory-parasitic-208,0,0,score_cell || score_cell || score_cell || score_cell
,jab-carload-672,0,0,score_cell || score_cell || score_cell || score_cell
,jab-comply-22,0,0,score_cell || score_cell || score_cell || score_cell
,jacket-botch-660,0,0,score_cell || score_cell || score_cell || score_cell
,jawline-mulled-694,0,0,score_cell || score_cell || score_cell || score_cell
,jeep-earflap-1144,0,0,score_cell || score_cell || score_cell || score_cell
,jeep-popular-1058,0,0,score_cell || score_cell || score_cell || score_cell
,jingle-dismiss-38,0,0,score_cell || score_cell || score_cell || score_cell
,jingling-juggle-1297,0,0,score_cell || score_cell || score_cell || score_cell
,jolliness-abnormal-203,0,0,score_cell || score_cell || score_cell || score_cell
,jolliness-judo-385,0,0,score_cell || score_cell || score_cell || score_cell
,juice-recede-1164,0,0,score_cell || score_cell || score_cell || score_cell
,juicy-lustiness-1286,0,0,score_cell || score_cell || score_cell || score_cell
,jumbo-subsonic-888,0,0,score_cell || score_cell || score_cell || score_cell
,juncture-groove-1324,0,0,score_cell || score_cell || score_cell || score_cell
,jurist-tug-462,0,0,score_cell || score_cell || score_cell || score_cell
,justify-stereo-858,0,0,score_cell || score_cell || score_cell || score_cell
,keenness-washroom-736,0,0,score_cell || score_cell || score_cell || score_cell
,keg-pellet-856,0,0,score_cell || score_cell || score_cell || score_cell
,kerchief-snowcap-190,0,0,score_cell || score_cell || score_cell || score_cell
,kick-attain-151,0,0,score_cell || score_cell || score_cell || score_cell
,kilogram-tightly-1331,0,0,score_cell || score_cell || score_cell || score_cell
,kinsman-bony-447,0,0,score_cell || score_cell || score_cell || score_cell
,kitten-unreached-515,0,0,score_cell || score_cell || score_cell || score_cell
,kiwi-bronzing-70,0,0,score_cell || score_cell || score_cell || score_cell
,knickers-diligence-1176,0,0,score_cell || score_cell || score_cell || score_cell
,knickers-stick-1478,0,0,score_cell || score_cell || score_cell || score_cell
,knoll-penholder-825,0,0,score_cell || score_cell || score_cell || score_cell
,laborious-region-1559,0,0,score_cell || score_cell || score_cell || score_cell
,lake-sneezing-96,0,0,score_cell || score_cell || score_cell || score_cell
,lance-showgirl-525,0,0,score_cell || score_cell || score_cell || score_cell
,landslide-gents-1420,0,0,score_cell || score_cell || score_cell || score_cell
,lark-sculptor-118,0,0,score_cell || score_cell || score_cell || score_cell
,lazily-cattishly-1580,0,0,score_cell || score_cell || score_cell || score_cell
,lazily-peroxide-944,0,0,score_cell || score_cell || score_cell || score_cell
,legged-myth-1157,0,0,score_cell || score_cell || score_cell || score_cell
,legible-recycled-1370,0,0,score_cell || score_cell || score_cell || score_cell
,legwarmer-crowd-576,0,0,score_cell || score_cell || score_cell || score_cell
,lend-shredder-626,0,0,score_cell || score_cell || score_cell || score_cell
,lent-directory-1479,0,0,score_cell || score_cell || score_cell || score_cell
,letdown-calculus-205,0,0,score_cell || score_cell || score_cell || score_cell
,letter-crescent-676,0,0,score_cell || score_cell || score_cell || score_cell
,leverage-strict-948,0,0,score_cell || score_cell || score_cell || score_cell
,levers-finisher-128,0,0,score_cell || score_cell || score_cell || score_cell
,likewise-mayflower-628,0,0,score_cell || score_cell || score_cell || score_cell
,linseed-dry-1407,0,0,score_cell || score_cell || score_cell || score_cell
,lisp-amuck-250,0,0,score_cell || score_cell || score_cell || score_cell
,lubricate-squabble-276,0,0,score_cell || score_cell || score_cell || score_cell
,lucid-designing-1233,0,0,score_cell || score_cell || score_cell || score_cell
,luckless-speckled-1513,0,0,score_cell || score_cell || score_cell || score_cell
,lumber-divorcee-991,0,0,score_cell || score_cell || score_cell || score_cell
,lumpiness-radiator-1428,0,0,score_cell || score_cell || score_cell || score_cell
,lunar-delicious-1168,0,0,score_cell || score_cell || score_cell || score_cell
,lustfully-unsheathe-1214,0,0,score_cell || score_cell || score_cell || score_cell
,lustily-zipping-1116,0,0,score_cell || score_cell || score_cell || score_cell
,lustiness-rogue-342,0,0,score_cell || score_cell || score_cell || score_cell
,lustiness-wrangle-1330,0,0,score_cell || score_cell || score_cell || score_cell
,lyricism-manual-920,0,0,score_cell || score_cell || score_cell || score_cell
,macaroni-series-1548,0,0,score_cell || score_cell || score_cell || score_cell
,mace-submersed-936,0,0,score_cell || score_cell || score_cell || score_cell
,maggot-sincere-1645,0,0,score_cell || score_cell || score_cell || score_cell
,maker-finishing-1619,0,0,score_cell || score_cell || score_cell || score_cell
,mama-pennant-1517,0,0,score_cell || score_cell || score_cell || score_cell
,mandarin-exemplary-1654,0,0,score_cell || score_cell || score_cell || score_cell
,mandatory-cartwheel-1146,0,0,score_cell || score_cell || score_cell || score_cell
,manhole-outer-1408,0,0,score_cell || score_cell || score_cell || score_cell
,manliness-retiree-21,0,0,score_cell || score_cell || score_cell || score_cell
,mantra-mutual-709,0,0,score_cell || score_cell || score_cell || score_cell
,marigold-authentic-424,0,0,score_cell || score_cell || score_cell || score_cell
,marina-reawake-213,0,0,score_cell || score_cell || score_cell || score_cell
,maritime-elsewhere-1560,0,0,score_cell || score_cell || score_cell || score_cell
,marshland-ducking-133,0,0,score_cell || score_cell || score_cell || score_cell
,masculine-platter-767,0,0,score_cell || score_cell || score_cell || score_cell
,massager-catalyst-160,0,0,score_cell || score_cell || score_cell || score_cell
,massager-dispense-1401,0,0,score_cell || score_cell || score_cell || score_cell
,matador-tributary-474,0,0,score_cell || score_cell || score_cell || score_cell
,math-ricotta-314,0,0,score_cell || score_cell || score_cell || score_cell
,matron-sinuous-14,0,0,score_cell || score_cell || score_cell || score_cell
,maximize-zigzagged-1379,0,0,score_cell || score_cell || score_cell || score_cell
,mobile-jailer-1546,0,0,score_cell || score_cell || score_cell || score_cell
,mobile-subtly-577,0,0,score_cell || score_cell || score_cell || score_cell
,mobility-disagree-1155,0,0,score_cell || score_cell || score_cell || score_cell
,mocha-screen-1125,0,0,score_cell || score_cell || score_cell || score_cell
,modified-bouncy-1226,0,0,score_cell || score_cell || score_cell || score_cell
,moistness-unshaved-1041,0,0,score_cell || score_cell || score_cell || score_cell
,molecular-nineteen-355,0,0,score_cell || score_cell || score_cell || score_cell
,monitor-edge-563,0,0,score_cell || score_cell || score_cell || score_cell
,monotone-diary-1575,0,0,score_cell || score_cell || score_cell || score_cell
,monotype-pulmonary-1473,0,0,score_cell || score_cell || score_cell || score_cell
,monsieur-vanquish-1351,0,0,score_cell || score_cell || score_cell || score_cell
,monument-kerchief-486,0,0,score_cell || score_cell || score_cell || score_cell
,monument-reawake-505,0,0,score_cell || score_cell || score_cell || score_cell
,moodiness-grudging-572,0,0,score_cell || score_cell || score_cell || score_cell
,mooing-hatchery-1117,0,0,score_cell || score_cell || score_cell || score_cell
,moonbeam-eternity-413,0,0,score_cell || score_cell || score_cell || score_cell
,moonlike-crate-1545,0,0,score_cell || score_cell || score_cell || score_cell
,moonscape-angling-605,0,0,score_cell || score_cell || score_cell || score_cell
,moonshine-parachute-1602,0,0,score_cell || score_cell || score_cell || score_cell
,morbidity-unclamped-36,0,0,score_cell || score_cell || score_cell || score_cell
,morphing-trilogy-315,0,0,score_cell || score_cell || score_cell || score_cell
,mothproof-urethane-237,0,0,score_cell || score_cell || score_cell || score_cell
,motto-mutilated-1506,0,0,score_cell || score_cell || score_cell || score_cell
,mourner-wildness-0,0,0,score_cell || score_cell || score_cell || score_cell
,mournful-agent-481,0,0,score_cell || score_cell || score_cell || score_cell
,movable-jiffy-181,0,0,score_cell || score_cell || score_cell || score_cell
,mulch-thus-321,0,0,score_cell || score_cell || score_cell || score_cell
,multiple-crabbing-1457,0,0,score_cell || score_cell || score_cell || score_cell
,multitude-varsity-1633,0,0,1 try | score_cell || score_cell || score_cell || score_cell
,mummify-untaxed-1187,0,0,score_cell || score_cell || score_cell || score_cell
,muscular-dramatize-16,0,0,score_cell || score_cell || score_cell || score_cell
,musky-depth-922,0,0,score_cell || score_cell || score_cell || score_cell
,musky-errant-1073,0,0,score_cell || score_cell || score_cell || score_cell
,musky-washable-711,0,0,score_cell || score_cell || score_cell || score_cell
,mutilator-mango-823,0,0,score_cell || score_cell || score_cell || score_cell
,mutiny-kinetic-918,0,0,score_cell || score_cell || score_cell || score_cell
,muzzle-veto-1209,0,0,score_cell || score_cell || score_cell || score_cell
,mystify-manhandle-839,0,0,score_cell || score_cell || score_cell || score_cell
,nail-pushup-421,0,0,score_cell || score_cell || score_cell || score_cell
,naming-catcall-169,0,0,score_cell || score_cell || score_cell || score_cell
,narrow-grower-348,0,0,score_cell || score_cell || score_cell || score_cell
,narrow-outshoot-88,0,0,score_cell || score_cell || score_cell || score_cell
,nautical-wolf-562,0,0,score_cell || score_cell || score_cell || score_cell
,neglector-veggie-28,0,0,score_cell || score_cell || score_cell || score_cell
,nervy-snowiness-1388,0,0,score_cell || score_cell || score_cell || score_cell
,nest-pacemaker-337,0,0,score_cell || score_cell || score_cell || score_cell
,neurology-detergent-1577,0,0,score_cell || score_cell || score_cell || score_cell
,neurology-undertook-702,0,0,score_cell || score_cell || score_cell || score_cell
,neutron-clarity-1636,0,0,score_cell || score_cell || score_cell || score_cell
,next-tricycle-1263,0,0,score_cell || score_cell || score_cell || score_cell
,nintendo-deferred-8,0,0,score_cell || score_cell || score_cell || score_cell
,nugget-shortlist-947,0,0,score_cell || score_cell || score_cell || score_cell
,nuzzle-raking-647,0,0,score_cell || score_cell || score_cell || score_cell
,nylon-dwarf-1322,0,0,score_cell || score_cell || score_cell || score_cell
,obliged-imbecile-111,0,0,score_cell || score_cell || score_cell || score_cell
,oblivious-affidavit-1159,0,0,score_cell || score_cell || score_cell || score_cell
,obscure-nearby-387,0,0,score_cell || score_cell || score_cell || score_cell
,observant-tweed-1052,0,0,score_cell || score_cell || score_cell || score_cell
,observant-viewpoint-157,0,0,score_cell || score_cell || score_cell || score_cell
,observing-rewrap-120,0,0,score_cell || score_cell || score_cell || score_cell
,obsessed-sandfish-1024,0,0,score_cell || score_cell || score_cell || score_cell
,obsolete-dreadful-456,0,0,score_cell || score_cell || score_cell || score_cell
,occultist-ultimate-236,0,0,score_cell || score_cell || score_cell || score_cell
,oil-goes-106,0,0,score_cell || score_cell || score_cell || score_cell
,onlooker-wad-1586,0,0,score_cell || score_cell || score_cell || score_cell
,only-busload-1393,0,0,score_cell || score_cell || score_cell || score_cell
,onscreen-upcoming-219,0,0,score_cell || score_cell || score_cell || score_cell
,opposite-cobbler-579,0,0,score_cell || score_cell || score_cell || score_cell
,outbreak-icing-1113,0,0,score_cell || score_cell || score_cell || score_cell
,outfit-clay-675,0,0,score_cell || score_cell || score_cell || score_cell
,outgoing-exchange-1030,0,0,score_cell || score_cell || score_cell || score_cell
,outgrow-contact-206,0,0,score_cell || score_cell || score_cell || score_cell
,outhouse-hacked-679,0,0,score_cell || score_cell || score_cell || score_cell
,outline-cascade-442,0,0,score_cell || score_cell || score_cell || score_cell
,outpost-wasp-272,0,0,score_cell || score_cell || score_cell || score_cell
,outreach-outnumber-543,0,0,score_cell || score_cell || score_cell || score_cell
,outscore-revisit-1306,0,0,score_cell || score_cell || score_cell || score_cell
,outsider-doorpost-124,0,0,score_cell || score_cell || score_cell || score_cell
,outsider-sternness-311,0,0,score_cell || score_cell || score_cell || score_cell
,outsider-unsoiled-1634,0,0,score_cell || score_cell || score_cell || score_cell
,outsmart-perfected-1651,0,0,score_cell || score_cell || score_cell || score_cell
,outward-prescribe-1419,0,0,score_cell || score_cell || score_cell || score_cell
,outwit-boxing-1449,0,0,score_cell || score_cell || score_cell || score_cell
,overall-statue-140,0,0,score_cell || score_cell || score_cell || score_cell
,overbite-unlearned-1395,0,0,score_cell || score_cell || score_cell || score_cell
,overbite-unstamped-493,0,0,score_cell || score_cell || score_cell || score_cell
,overfed-among-585,0,0,score_cell || score_cell || score_cell || score_cell
,overfull-pulverize-992,0,0,score_cell || score_cell || score_cell || score_cell
,overhaul-unsigned-4,0,0,score_cell || score_cell || score_cell || score_cell
,overlabor-harbor-1087,0,0,score_cell || score_cell || score_cell || score_cell
,overnight-gong-1590,0,0,score_cell || score_cell || score_cell || score_cell
,overplay-diagnosis-693,0,0,score_cell || score_cell || score_cell || score_cell
,overrate-backdrop-1077,0,0,score_cell || score_cell || score_cell || score_cell
,overtake-ribbon-1059,0,0,score_cell || score_cell || score_cell || score_cell
,overvalue-preface-1272,0,0,score_cell || score_cell || score_cell || score_cell
,oxidation-unfair-1413,0,0,score_cell || score_cell || score_cell || score_cell
,oxidizing-endurance-1555,0,0,score_cell || score_cell || score_cell || score_cell
,oyster-reacquire-830,0,0,score_cell || score_cell || score_cell || score_cell
,pacifism-wing-1402,0,0,score_cell || score_cell || score_cell || score_cell
,paddling-appease-196,0,0,score_cell || score_cell || score_cell || score_cell
,paddling-tulip-382,0,0,score_cell || score_cell || score_cell || score_cell
,pampers-vocation-415,0,0,score_cell || score_cell || score_cell || score_cell
,panama-cuddle-681,0,0,score_cell || score_cell || score_cell || score_cell
,panoramic-zoning-369,0,0,score_cell || score_cell || score_cell || score_cell
,papyrus-pendant-1491,0,0,score_cell || score_cell || score_cell || score_cell
,parasite-octane-1476,0,0,score_cell || score_cell || score_cell || score_cell
,parmesan-motivator-1216,0,0,score_cell || score_cell || score_cell || score_cell
,parmesan-skeleton-448,0,0,score_cell || score_cell || score_cell || score_cell
,passerby-usual-1380,0,0,score_cell || score_cell || score_cell || score_cell
,password-proud-594,0,0,score_cell || score_cell || score_cell || score_cell
,pasta-cider-532,0,0,score_cell || score_cell || score_cell || score_cell
,pasta-prognosis-1275,0,0,score_cell || score_cell || score_cell || score_cell
,path-five-87,0,0,score_cell || score_cell || score_cell || score_cell
,patience-unawake-26,0,0,score_cell || score_cell || score_cell || score_cell
,patriot-undertow-1450,0,0,score_cell || score_cell || score_cell || score_cell
,payback-elaborate-1192,0,0,score_cell || score_cell || score_cell || score_cell
,payment-coil-728,0,0,score_cell || score_cell || score_cell || score_cell
,pelvis-oppressor-81,0,0,score_cell || score_cell || score_cell || score_cell
,penalize-zestfully-829,0,0,score_cell || score_cell || score_cell || score_cell
,penholder-mocha-1615,0,0,score_cell || score_cell || score_cell || score_cell
,percolate-carbon-5,0,0,score_cell || score_cell || score_cell || score_cell
,percolate-only-1614,0,0,score_cell || score_cell || score_cell || score_cell
,perpetual-handcraft-906,0,0,score_cell || score_cell || score_cell || score_cell
,perplexed-spending-1463,0,0,score_cell || score_cell || score_cell || score_cell
,pesky-abiding-1472,0,0,score_cell || score_cell || score_cell || score_cell
,petition-concrete-1410,0,0,score_cell || score_cell || score_cell || score_cell
,phrase-fantasy-1529,0,0,score_cell || score_cell || score_cell || score_cell
,platinum-contently-76,0,0,score_cell || score_cell || score_cell || score_cell
,playable-cascade-459,0,0,score_cell || score_cell || score_cell || score_cell
,playable-gnarly-550,0,0,score_cell || score_cell || score_cell || score_cell
,playback-blurred-878,0,0,score_cell || score_cell || score_cell || score_cell
,playhouse-unheard-1585,0,0,score_cell || score_cell || score_cell || score_cell
,playroom-stuffy-714,0,0,score_cell || score_cell || score_cell || score_cell
,playtime-nickname-1122,0,0,score_cell || score_cell || score_cell || score_cell
,plow-reverse-1558,0,0,score_cell || score_cell || score_cell || score_cell
,plow-sloping-528,0,0,score_cell || score_cell || score_cell || score_cell
,pogo-tactical-609,0,0,score_cell || score_cell || score_cell || score_cell
,polar-surfer-1181,0,0,score_cell || score_cell || score_cell || score_cell
,polish-tinkling-1638,0,0,score_cell || score_cell || score_cell || score_cell
,polygraph-armband-624,0,0,score_cell || score_cell || score_cell || score_cell
,pope-census-287,0,0,score_cell || score_cell || score_cell || score_cell
,populace-slacking-158,0,0,score_cell || score_cell || score_cell || score_cell
,portside-underdone-217,0,0,score_cell || score_cell || score_cell || score_cell
,poser-drew-818,0,0,score_cell || score_cell || score_cell || score_cell
,poster-cod-555,0,0,score_cell || score_cell || score_cell || score_cell
,posture-sabotage-999,0,0,score_cell || score_cell || score_cell || score_cell
,postwar-crevice-1574,0,0,score_cell || score_cell || score_cell || score_cell
,powdering-transform-1307,0,0,score_cell || score_cell || score_cell || score_cell
,prankster-luminance-520,0,0,score_cell || score_cell || score_cell || score_cell
,precise-bonding-1020,0,0,score_cell || score_cell || score_cell || score_cell
,prefix-spinout-527,0,0,score_cell || score_cell || score_cell || score_cell
,premiere-designate-451,0,0,score_cell || score_cell || score_cell || score_cell
,preplan-amuser-1128,0,0,score_cell || score_cell || score_cell || score_cell
,preseason-hate-730,0,0,score_cell || score_cell || score_cell || score_cell
,preshow-harddisk-1005,0,0,score_cell || score_cell || score_cell || score_cell
,presuming-cardboard-264,0,0,score_cell || score_cell || score_cell || score_cell
,presuming-unlocked-458,0,0,score_cell || score_cell || score_cell || score_cell
,primal-simplify-230,0,0,score_cell || score_cell || score_cell || score_cell
,primer-nineteen-1412,0,0,score_cell || score_cell || score_cell || score_cell
,princess-nebulizer-104,0,0,score_cell || score_cell || score_cell || score_cell
,prison-stoning-1466,0,0,score_cell || score_cell || score_cell || score_cell
,privatize-emporium-1065,0,0,score_cell || score_cell || score_cell || score_cell
,probing-nappy-666,0,0,score_cell || score_cell || score_cell || score_cell
,process-swagger-436,0,0,score_cell || score_cell || score_cell || score_cell
,prodigy-external-786,0,0,score_cell || score_cell || score_cell || score_cell
,profanity-politely-1406,0,0,score_cell || score_cell || score_cell || score_cell
,profanity-racism-501,0,0,score_cell || score_cell || score_cell || score_cell
,promoter-parameter-654,0,0,score_cell || score_cell || score_cell || score_cell
,promoter-twig-996,0,0,score_cell || score_cell || score_cell || score_cell
,prompter-fretful-1198,0,0,score_cell || score_cell || score_cell || score_cell
,protract-camcorder-606,0,0,score_cell || score_cell || score_cell || score_cell
,protract-superglue-1376,0,0,score_cell || score_cell || score_cell || score_cell
,proud-unveiling-25,0,0,score_cell || score_cell || score_cell || score_cell
,proven-roundness-500,0,0,score_cell || score_cell || score_cell || score_cell
,psychic-derby-350,0,0,score_cell || score_cell || score_cell || score_cell
,pug-handcart-1012,0,0,score_cell || score_cell || score_cell || score_cell
,pumice-resort-1284,0,0,score_cell || score_cell || score_cell || score_cell
,punctual-outclass-1127,0,0,score_cell || score_cell || score_cell || score_cell
,punctured-caption-1650,0,0,score_cell || score_cell || score_cell || score_cell
,punisher-entering-566,0,0,score_cell || score_cell || score_cell || score_cell
,puppet-handlebar-1057,0,0,score_cell || score_cell || score_cell || score_cell
,pursuant-encounter-569,0,0,score_cell || score_cell || score_cell || score_cell
,putdown-filth-1359,0,0,score_cell || score_cell || score_cell || score_cell
,pyromania-unadvised-1,0,0,score_cell || score_cell || score_cell || score_cell
,quake-goofy-1111,0,0,score_cell || score_cell || score_cell || score_cell
,qualified-these-107,0,0,score_cell || score_cell || score_cell || score_cell
,quicksand-city-667,0,0,score_cell || score_cell || score_cell || score_cell
,quill-headache-1358,0,0,score_cell || score_cell || score_cell || score_cell
,quit-imperfect-468,0,0,score_cell || score_cell || score_cell || score_cell
,rack-cabana-893,0,0,score_cell || score_cell || score_cell || score_cell
,racoon-figure-1217,0,0,score_cell || score_cell || score_cell || score_cell
,radiation-badland-691,0,0,score_cell || score_cell || score_cell || score_cell
,raft-hurling-614,0,0,score_cell || score_cell || score_cell || score_cell
,raking-curtsy-1069,0,0,score_cell || score_cell || score_cell || score_cell
,ranking-septic-1397,0,0,score_cell || score_cell || score_cell || score_cell
,ransack-angular-266,0,0,score_cell || score_cell || score_cell || score_cell
,ranting-rebel-1644,0,0,score_cell || score_cell || score_cell || score_cell
,reach-smite-1243,0,0,score_cell || score_cell || score_cell || score_cell
,reaction-preface-1573,0,0,score_cell || score_cell || score_cell || score_cell
,reapply-overstuff-1357,0,0,score_cell || score_cell || score_cell || score_cell
,reawake-ladle-1595,0,0,score_cell || score_cell || score_cell || score_cell
,rebalance-chafe-1015,0,0,score_cell || score_cell || score_cell || score_cell
,rebalance-velvet-102,0,0,score_cell || score_cell || score_cell || score_cell
,rebuff-fence-490,0,0,score_cell || score_cell || score_cell || score_cell
,recede-blot-1338,0,0,score_cell || score_cell || score_cell || score_cell
,recede-fidgeting-788,0,0,score_cell || score_cell || score_cell || score_cell
,recipient-uncouth-553,0,0,score_cell || score_cell || score_cell || score_cell
,reclaim-limpness-1601,0,0,score_cell || score_cell || score_cell || score_cell
,recliner-partake-1033,0,0,score_cell || score_cell || score_cell || score_cell
,rectify-swinging-215,0,0,score_cell || score_cell || score_cell || score_cell
,reenter-stamp-303,0,0,score_cell || score_cell || score_cell || score_cell
,reentry-starving-1235,0,0,score_cell || score_cell || score_cell || score_cell
,refold-gangway-869,0,0,score_cell || score_cell || score_cell || score_cell
,reforest-correct-227,0,0,score_cell || score_cell || score_cell || score_cell
,reformist-freewill-1232,0,0,score_cell || score_cell || score_cell || score_cell
,refract-preformed-294,0,0,score_cell || score_cell || score_cell || score_cell
,refract-swiftness-12,0,0,score_cell || score_cell || score_cell || score_cell
,refurnish-endurance-623,0,0,score_cell || score_cell || score_cell || score_cell
,regalia-poser-706,0,0,score_cell || score_cell || score_cell || score_cell
,regime-spinning-47,0,0,score_cell || score_cell || score_cell || score_cell
,region-saffron-2,0,0,score_cell || score_cell || score_cell || score_cell
,regulate-borrower-252,0,0,score_cell || score_cell || score_cell || score_cell
,rejoice-economic-466,0,0,score_cell || score_cell || score_cell || score_cell
,rejoin-antics-631,0,0,score_cell || score_cell || score_cell || score_cell
,rejoin-fondness-1265,0,0,score_cell || score_cell || score_cell || score_cell
,relay-cardigan-1123,0,0,score_cell || score_cell || score_cell || score_cell
,relearn-pox-1431,0,0,score_cell || score_cell || score_cell || score_cell
,relieve-kitten-1533,0,0,score_cell || score_cell || score_cell || score_cell
,reminder-womanhood-289,0,0,score_cell || score_cell || score_cell || score_cell
,renderer-riches-7,0,0,score_cell || score_cell || score_cell || score_cell
,repacking-hatbox-444,0,0,score_cell || score_cell || score_cell || score_cell
,repacking-slam-1461,0,0,score_cell || score_cell || score_cell || score_cell
,repent-tackiness-139,0,0,score_cell || score_cell || score_cell || score_cell
,repent-throwback-854,0,0,score_cell || score_cell || score_cell || score_cell
,repent-trouble-1083,0,0,score_cell || score_cell || score_cell || score_cell
,replace-pelvis-134,0,0,score_cell || score_cell || score_cell || score_cell
,replay-species-1091,0,0,score_cell || score_cell || score_cell || score_cell
,reprise-hankering-1576,0,0,score_cell || score_cell || score_cell || score_cell
,reprocess-detail-195,0,0,score_cell || score_cell || score_cell || score_cell
,reroute-upbeat-255,0,0,score_cell || score_cell || score_cell || score_cell
,rerun-unheated-1064,0,0,score_cell || score_cell || score_cell || score_cell
,reseal-unclothed-1659,0,0,score_cell || score_cell || score_cell || score_cell
,reselect-sardine-1199,0,0,score_cell || score_cell || score_cell || score_cell
,reshoot-random-990,0,0,score_cell || score_cell || score_cell || score_cell
,reshuffle-bluish-1508,0,0,score_cell || score_cell || score_cell || score_cell
,resigned-backyard-781,0,0,score_cell || score_cell || score_cell || score_cell
,resilient-scarcity-817,0,0,score_cell || score_cell || score_cell || score_cell
,resize-overprice-464,0,0,score_cell || score_cell || score_cell || score_cell
,retainer-composure-1237,0,0,score_cell || score_cell || score_cell || score_cell
,retired-hardcover-370,0,0,score_cell || score_cell || score_cell || score_cell
,retired-sanded-1142,0,0,score_cell || score_cell || score_cell || score_cell
,retiree-dreamboat-1486,0,0,score_cell || score_cell || score_cell || score_cell
,retool-map-194,0,0,score_cell || score_cell || score_cell || score_cell
,retrace-straining-1623,0,0,score_cell || score_cell || score_cell || score_cell
,retrain-expose-327,0,0,score_cell || score_cell || score_cell || score_cell
,retrial-frame-903,0,0,score_cell || score_cell || score_cell || score_cell
,retrial-shaky-1378,0,0,score_cell || score_cell || score_cell || score_cell
,retriever-companion-1435,0,0,score_cell || score_cell || score_cell || score_cell
,retry-battered-1131,0,0,score_cell || score_cell || score_cell || score_cell
,retry-pry-1227,0,0,score_cell || score_cell || score_cell || score_cell
,retype-sagging-1133,0,0,score_cell || score_cell || score_cell || score_cell
,reunion-tried-53,0,0,score_cell || score_cell || score_cell || score_cell
,reunion-varying-1417,0,0,score_cell || score_cell || score_cell || score_cell
,reunite-sandblast-1234,0,0,score_cell || score_cell || score_cell || score_cell
,reverence-sycamore-1594,0,0,score_cell || score_cell || score_cell || score_cell
,reverse-transfer-633,0,0,score_cell || score_cell || score_cell || score_cell
,reversion-probing-1415,0,0,score_cell || score_cell || score_cell || score_cell
,revisable-reflector-1524,0,0,score_cell || score_cell || score_cell || score_cell
,revocable-navigate-1270,0,0,score_cell || score_cell || score_cell || score_cell
,revolt-refreeze-56,0,0,score_cell || score_cell || score_cell || score_cell
,rewash-untaken-1459,0,0,score_cell || score_cell || score_cell || score_cell
,rework-remission-1439,0,0,score_cell || score_cell || score_cell || score_cell
,rewrite-chef-1442,0,0,score_cell || score_cell || score_cell || score_cell
,ribcage-feminism-832,0,0,score_cell || score_cell || score_cell || score_cell
,ribcage-wildlife-130,0,0,score_cell || score_cell || score_cell || score_cell
,riddance-borough-1246,0,0,score_cell || score_cell || score_cell || score_cell
,ridden-national-1510,0,0,score_cell || score_cell || score_cell || score_cell
,rigging-grumble-506,0,0,score_cell || score_cell || score_cell || score_cell
,rimless-stubble-538,0,0,score_cell || score_cell || score_cell || score_cell
,rimmed-mummy-210,0,0,score_cell || score_cell || score_cell || score_cell
,rink-veal-1377,0,0,score_cell || score_cell || score_cell || score_cell
,ripeness-posh-752,0,0,score_cell || score_cell || score_cell || score_cell
,ripeness-starting-1121,0,0,score_cell || score_cell || score_cell || score_cell
,ripening-sliced-874,0,0,score_cell || score_cell || score_cell || score_cell
,ripple-mauve-995,0,0,score_cell || score_cell || score_cell || score_cell
,ripple-overtly-1185,0,0,score_cell || score_cell || score_cell || score_cell
,ritalin-corporal-1342,0,0,score_cell || score_cell || score_cell || score_cell
,ritalin-stank-621,0,0,score_cell || score_cell || score_cell || score_cell
,ritzy-mushroom-1003,0,0,score_cell || score_cell || score_cell || score_cell
,rival-aversion-267,0,0,score_cell || score_cell || score_cell || score_cell
,riveter-uplifting-1132,0,0,score_cell || score_cell || score_cell || score_cell
,roaming-reconvene-147,0,0,score_cell || score_cell || score_cell || score_cell
,robotics-dwindling-885,0,0,score_cell || score_cell || score_cell || score_cell
,rockband-shanty-416,0,0,score_cell || score_cell || score_cell || score_cell
,rocker-pointing-1043,0,0,score_cell || score_cell || score_cell || score_cell
,rockiness-previous-1462,0,0,score_cell || score_cell || score_cell || score_cell
,rocklike-jet-980,0,0,score_cell || score_cell || score_cell || score_cell
,rosy-cricket-539,0,0,score_cell || score_cell || score_cell || score_cell
,rotting-bacteria-766,0,0,score_cell || score_cell || score_cell || score_cell
,rotunda-retry-1134,0,0,score_cell || score_cell || score_cell || score_cell
,rounding-capsule-1340,0,0,score_cell || score_cell || score_cell || score_cell
,rounding-cobweb-271,0,0,score_cell || score_cell || score_cell || score_cell
,roundup-henchman-1271,0,0,score_cell || score_cell || score_cell || score_cell
,rover-culinary-966,0,0,score_cell || score_cell || score_cell || score_cell
,royal-moaner-1160,0,0,score_cell || score_cell || score_cell || score_cell
,ruined-multitask-334,0,0,score_cell || score_cell || score_cell || score_cell
,rural-labored-224,0,0,score_cell || score_cell || score_cell || score_cell
,saga-commodore-366,0,0,score_cell || score_cell || score_cell || score_cell
,said-replace-328,0,0,score_cell || score_cell || score_cell || score_cell
,saint-parsnip-141,0,0,score_cell || score_cell || score_cell || score_cell
,salad-definite-1102,0,0,score_cell || score_cell || score_cell || score_cell
,salad-occupy-998,0,0,score_cell || score_cell || score_cell || score_cell
,salad-similarly-1349,0,0,score_cell || score_cell || score_cell || score_cell
,saline-stagnant-313,0,0,score_cell || score_cell || score_cell || score_cell
,sanction-boondocks-573,0,0,score_cell || score_cell || score_cell || score_cell
,sandbag-antihero-933,0,0,score_cell || score_cell || score_cell || score_cell
,sandbank-onset-927,0,0,score_cell || score_cell || score_cell || score_cell
,sanded-banked-226,0,0,score_cell || score_cell || score_cell || score_cell
,sandlot-sarcastic-952,0,0,score_cell || score_cell || score_cell || score_cell
,sanitizer-hardcopy-599,0,0,score_cell || score_cell || score_cell || score_cell
,sarcastic-wikipedia-156,0,0,score_cell || score_cell || score_cell || score_cell
,sash-stammer-483,0,0,score_cell || score_cell || score_cell || score_cell
,satirical-rambling-824,0,0,score_cell || score_cell || score_cell || score_cell
,saucy-dean-1241,0,0,score_cell || score_cell || score_cell || score_cell
,sauna-pulmonary-1279,0,0,score_cell || score_cell || score_cell || score_cell
,savage-sprout-364,0,0,score_cell || score_cell || score_cell || score_cell
,savanna-doorway-1325,0,0,score_cell || score_cell || score_cell || score_cell
,saved-factual-494,0,0,score_cell || score_cell || score_cell || score_cell
,saved-makeover-1592,0,0,score_cell || score_cell || score_cell || score_cell
,say-perish-792,0,0,score_cell || score_cell || score_cell || score_cell
,scabbed-unequal-1460,0,0,score_cell || score_cell || score_cell || score_cell
,scabby-eats-1303,0,0,score_cell || score_cell || score_cell || score_cell
,scalding-operable-848,0,0,score_cell || score_cell || score_cell || score_cell
,scaling-outsider-1475,0,0,score_cell || score_cell || score_cell || score_cell
,scallop-surfer-1316,0,0,score_cell || score_cell || score_cell || score_cell
,scalping-follicle-685,0,0,score_cell || score_cell || score_cell || score_cell
,scary-snowbound-340,0,0,score_cell || score_cell || score_cell || score_cell
,scavenger-matching-373,0,0,score_cell || score_cell || score_cell || score_cell
,schematic-squeeze-1612,0,0,score_cell || score_cell || score_cell || score_cell
,scheming-prudishly-640,0,0,score_cell || score_cell || score_cell || score_cell
,schnapps-ship-262,0,0,score_cell || score_cell || score_cell || score_cell
,scone-google-265,0,0,score_cell || score_cell || score_cell || score_cell
,scorn-nest-957,0,0,score_cell || score_cell || score_cell || score_cell
,scoured-bleak-263,0,0,score_cell || score_cell || score_cell || score_cell
,scouts-mocha-821,0,0,score_cell || score_cell || score_cell || score_cell
,scouts-trio-581,0,0,score_cell || score_cell || score_cell || score_cell
,scrambled-bulb-808,0,0,score_cell || score_cell || score_cell || score_cell
,scrimmage-hubcap-1534,0,0,score_cell || score_cell || score_cell || score_cell
,scroll-trinity-1273,0,0,score_cell || score_cell || score_cell || score_cell
,scrooge-proton-1094,0,0,score_cell || score_cell || score_cell || score_cell
,scrutiny-sanded-1055,0,0,score_cell || score_cell || score_cell || score_cell
,scrutiny-scabbed-344,0,0,score_cell || score_cell || score_cell || score_cell
,secrecy-yin-1044,0,0,score_cell || score_cell || score_cell || score_cell
,securely-boxcar-592,0,0,score_cell || score_cell || score_cell || score_cell
,security-trapezoid-537,0,0,score_cell || score_cell || score_cell || score_cell
,sedan-squishy-1104,0,0,score_cell || score_cell || score_cell || score_cell
,sedative-estimate-784,0,0,score_cell || score_cell || score_cell || score_cell
,senior-obedience-1511,0,0,score_cell || score_cell || score_cell || score_cell
,sensitive-rebuttal-510,0,0,score_cell || score_cell || score_cell || score_cell
,sepia-power-374,0,0,score_cell || score_cell || score_cell || score_cell
,september-acronym-239,0,0,score_cell || score_cell || score_cell || score_cell
,septum-regretful-296,0,0,score_cell || score_cell || score_cell || score_cell
,sequester-unwanted-949,0,0,score_cell || score_cell || score_cell || score_cell
,serotonin-stallion-941,0,0,score_cell || score_cell || score_cell || score_cell
,serpent-provided-209,0,0,score_cell || score_cell || score_cell || score_cell
,settle-slab-1336,0,0,score_cell || score_cell || score_cell || score_cell
,setup-stuffing-1078,0,0,score_cell || score_cell || score_cell || score_cell
,shadow-cobbler-942,0,0,score_cell || score_cell || score_cell || score_cell
,shallow-unmoving-1335,0,0,score_cell || score_cell || score_cell || score_cell
,shaping-femur-1456,0,0,score_cell || score_cell || score_cell || score_cell
,shawl-nativity-1341,0,0,score_cell || score_cell || score_cell || score_cell
,shimmy-elude-1027,0,0,score_cell || score_cell || score_cell || score_cell
,shining-womanly-713,0,0,score_cell || score_cell || score_cell || score_cell
,ship-lemon-159,0,0,score_cell || score_cell || score_cell || score_cell
,shoplift-dodge-503,0,0,score_cell || score_cell || score_cell || score_cell
,shoptalk-petal-1374,0,0,score_cell || score_cell || score_cell || score_cell
,shortage-dotted-871,0,0,score_cell || score_cell || score_cell || score_cell
,shorter-cause-293,0,0,score_cell || score_cell || score_cell || score_cell
,shortly-skied-820,0,0,score_cell || score_cell || score_cell || score_cell
,shorty-reheat-392,0,0,score_cell || score_cell || score_cell || score_cell
,showplace-gentleman-670,0,0,score_cell || score_cell || score_cell || score_cell
,showroom-sterling-1372,0,0,score_cell || score_cell || score_cell || score_cell
,shriek-surface-1239,0,0,score_cell || score_cell || score_cell || score_cell
,shrimp-mutilator-846,0,0,score_cell || score_cell || score_cell || score_cell
,shrug-huddle-1321,0,0,score_cell || score_cell || score_cell || score_cell
,shrunk-paramount-726,0,0,score_cell || score_cell || score_cell || score_cell
,shrunk-unguarded-1205,0,0,score_cell || score_cell || score_cell || score_cell
,shush-diffusive-1090,0,0,score_cell || score_cell || score_cell || score_cell
,siamese-arrival-924,0,0,score_cell || score_cell || score_cell || score_cell
,simple-deluge-325,0,0,score_cell || score_cell || score_cell || score_cell
,sip-sweep-304,0,0,score_cell || score_cell || score_cell || score_cell
,sizably-huddling-48,0,0,score_cell || score_cell || score_cell || score_cell
,sizably-scrutiny-849,0,0,score_cell || score_cell || score_cell || score_cell
,sizzle-apprehend-826,0,0,score_cell || score_cell || score_cell || score_cell
,skiing-boney-1296,0,0,score_cell || score_cell || score_cell || score_cell
,skintight-serrated-307,0,0,score_cell || score_cell || score_cell || score_cell
,slackness-coach-884,0,0,score_cell || score_cell || score_cell || score_cell
,sled-quickly-244,0,0,score_cell || score_cell || score_cell || score_cell
,sliced-angelic-655,0,0,score_cell || score_cell || score_cell || score_cell
,slighting-parachute-959,0,0,score_cell || score_cell || score_cell || score_cell
,slinging-discount-414,0,0,score_cell || score_cell || score_cell || score_cell
,slingshot-huntress-197,0,0,score_cell || score_cell || score_cell || score_cell
,smartness-spore-245,0,0,score_cell || score_cell || score_cell || score_cell
,smile-vengeful-1262,0,0,score_cell || score_cell || score_cell || score_cell
,smite-reliant-1172,0,0,score_cell || score_cell || score_cell || score_cell
,smith-bleak-1649,0,0,score_cell || score_cell || score_cell || score_cell
,smoking-regroup-1203,0,0,score_cell || score_cell || score_cell || score_cell
,smooth-showpiece-954,0,0,score_cell || score_cell || score_cell || score_cell
,smudgy-proofs-259,0,0,score_cell || score_cell || score_cell || score_cell
,smudgy-puzzling-796,0,0,score_cell || score_cell || score_cell || score_cell
,smugly-grout-1544,0,0,score_cell || score_cell || score_cell || score_cell
,smugly-obstinate-867,0,0,score_cell || score_cell || score_cell || score_cell
,snazzy-duchess-164,0,0,score_cell || score_cell || score_cell || score_cell
,sneak-scoundrel-902,0,0,score_cell || score_cell || score_cell || score_cell
,sneeze-king-1062,0,0,score_cell || score_cell || score_cell || score_cell
,sneeze-unclip-1260,0,0,score_cell || score_cell || score_cell || score_cell
,snore-proofing-1025,0,0,score_cell || score_cell || score_cell || score_cell
,snowboard-rerun-548,0,0,score_cell || score_cell || score_cell || score_cell
,snowfall-augmented-1639,0,0,score_cell || score_cell || score_cell || score_cell
,snuff-labrador-1437,0,0,score_cell || score_cell || score_cell || score_cell
,snuff-unlivable-718,0,0,score_cell || score_cell || score_cell || score_cell
,species-swarm-1166,0,0,score_cell || score_cell || score_cell || score_cell
,spectrum-revenue-946,0,0,score_cell || score_cell || score_cell || score_cell
,speed-company-97,0,0,score_cell || score_cell || 1 try | score_cell || score_cell
,spelling-coronary-1143,0,0,score_cell || score_cell || score_cell || score_cell
,spelling-powdered-1095,0,0,score_cell || score_cell || score_cell || score_cell
,spender-refurbish-616,0,0,score_cell || score_cell || score_cell || score_cell
,spending-triangle-1114,0,0,score_cell || score_cell || score_cell || score_cell
,spinach-obedient-819,0,0,score_cell || score_cell || score_cell || score_cell
,spinach-paternal-401,0,0,score_cell || score_cell || score_cell || score_cell
,spinning-vegan-116,0,0,score_cell || score_cell || score_cell || score_cell
,spiny-anemia-652,0,0,score_cell || score_cell || score_cell || score_cell
,spiritual-upstream-1086,0,0,score_cell || score_cell || score_cell || score_cell
,splashing-paprika-498,0,0,score_cell || score_cell || score_cell || score_cell
,splendor-outboard-391,0,0,score_cell || score_cell || score_cell || score_cell
,sponge-prior-397,0,0,score_cell || score_cell || score_cell || score_cell
,spoon-rockfish-1293,0,0,score_cell || score_cell || score_cell || score_cell
,sporting-possible-1655,0,0,score_cell || score_cell || score_cell || score_cell
,sporting-rebound-853,0,0,score_cell || score_cell || score_cell || score_cell
,sports-bodacious-1034,0,0,score_cell || score_cell || score_cell || score_cell
,spotted-catwalk-593,0,0,score_cell || score_cell || score_cell || score_cell
,spotter-mandolin-1189,0,0,score_cell || score_cell || score_cell || score_cell
,spotty-certified-1153,0,0,score_cell || score_cell || score_cell || score_cell
,spouse-embattled-1653,0,0,score_cell || score_cell || score_cell || score_cell
,sprain-glacial-619,0,0,score_cell || score_cell || score_cell || score_cell
,sprawl-abreast-554,0,0,score_cell || score_cell || score_cell || score_cell
,spree-epilepsy-1421,0,0,score_cell || score_cell || score_cell || score_cell
,sprinkler-quicken-24,0,0,score_cell || score_cell || score_cell || score_cell
,sprinkler-splendor-1625,0,0,score_cell || score_cell || score_cell || score_cell
,spur-stamp-724,0,0,score_cell || score_cell || score_cell || score_cell
,squabble-saga-341,0,0,score_cell || score_cell || score_cell || score_cell
,squander-feast-1433,0,0,score_cell || score_cell || score_cell || score_cell
,squealer-harmful-356,0,0,score_cell || score_cell || score_cell || score_cell
,squealing-wish-743,0,0,score_cell || score_cell || score_cell || score_cell
,squeezing-foe-1627,0,0,score_cell || score_cell || score_cell || score_cell
,squeezing-unethical-835,0,0,score_cell || score_cell || score_cell || score_cell
,squirt-deviator-1632,0,0,score_cell || score_cell || score_cell || score_cell
,stability-starfish-1081,0,0,score_cell || score_cell || score_cell || score_cell
,stadium-brunette-1210,0,0,score_cell || score_cell || score_cell || score_cell
,stagnate-nastiness-1382,0,0,score_cell || score_cell || score_cell || score_cell
,stand-marshy-863,0,0,score_cell || score_cell || score_cell || score_cell
,stank-capably-1317,0,0,score_cell || score_cell || score_cell || score_cell
,stardom-gotten-899,0,0,score_cell || score_cell || score_cell || score_cell
,starfish-arousal-1541,0,0,score_cell || score_cell || score_cell || score_cell
,starving-dispersed-248,0,0,score_cell || score_cell || score_cell || score_cell
,statue-udder-1261,0,0,score_cell || score_cell || score_cell || score_cell
,statutory-kilobyte-409,0,0,score_cell || score_cell || score_cell || score_cell
,steep-unhook-673,0,0,score_cell || score_cell || score_cell || score_cell
,steerable-unexposed-393,0,0,score_cell || score_cell || score_cell || score_cell
,stench-venture-93,0,0,score_cell || score_cell || score_cell || score_cell
,step-muscular-149,0,0,score_cell || score_cell || score_cell || score_cell
,stereo-boxy-1490,0,0,score_cell || score_cell || score_cell || score_cell
,stereo-handling-357,0,0,score_cell || score_cell || score_cell || score_cell
,stimulus-vitally-1184,0,0,score_cell || score_cell || score_cell || score_cell
,stipend-boundless-1014,0,0,score_cell || score_cell || score_cell || score_cell
,stoppable-calamity-795,0,0,score_cell || score_cell || score_cell || score_cell
,storewide-tilt-1498,0,0,score_cell || score_cell || score_cell || score_cell
,stranger-hardwired-1037,0,0,score_cell || score_cell || score_cell || score_cell
,stranger-pellet-368,0,0,score_cell || score_cell || score_cell || score_cell
,strangle-culpable-895,0,0,score_cell || score_cell || score_cell || score_cell
,straw-slam-721,0,0,score_cell || score_cell || score_cell || score_cell
,streak-bok-916,0,0,score_cell || score_cell || score_cell || score_cell
,strep-tractor-1608,0,0,score_cell || score_cell || score_cell || score_cell
,stride-strewn-332,0,0,score_cell || score_cell || score_cell || score_cell
,strife-resisting-179,0,0,score_cell || score_cell || score_cell || score_cell
,stroller-renounce-620,0,0,score_cell || score_cell || score_cell || score_cell
,stuffed-crock-840,0,0,score_cell || score_cell || score_cell || score_cell
,stuffing-unvaried-993,0,0,score_cell || score_cell || score_cell || score_cell
,subgroup-shifter-1259,0,0,score_cell || score_cell || score_cell || score_cell
,submerge-theology-17,0,0,score_cell || score_cell || score_cell || score_cell
,subside-subpanel-1283,0,0,score_cell || score_cell || score_cell || score_cell
,subsystem-rebel-665,0,0,score_cell || score_cell || score_cell || score_cell
,suburb-keenness-1535,0,0,score_cell || score_cell || score_cell || score_cell
,subwoofer-dismiss-1364,0,0,score_cell || score_cell || score_cell || score_cell
,suffrage-drained-402,0,0,score_cell || score_cell || score_cell || score_cell
,sulfide-majorette-746,0,0,score_cell || score_cell || score_cell || score_cell
,sultry-gravy-551,0,0,score_cell || score_cell || score_cell || score_cell
,supernova-sepia-20,0,0,score_cell || score_cell || score_cell || score_cell
,supremacy-happening-446,0,0,score_cell || score_cell || score_cell || score_cell
,surcharge-directory-1092,0,0,score_cell || score_cell || score_cell || score_cell
,surfer-mounting-1156,0,0,score_cell || score_cell || score_cell || score_cell
,survive-anyway-1115,0,0,score_cell || score_cell || score_cell || score_cell
,survive-delirious-977,0,0,score_cell || score_cell || score_cell || score_cell
,swifter-wrinkly-18,0,0,score_cell || score_cell || score_cell || score_cell
,swiftness-ecologist-715,0,0,score_cell || score_cell || score_cell || score_cell
,swivel-goon-511,0,0,score_cell || score_cell || score_cell || score_cell
,swizzle-quintuple-1178,0,0,score_cell || score_cell || score_cell || score_cell
,swoop-humbling-176,0,0,score_cell || score_cell || score_cell || score_cell
,symphony-agency-768,0,0,score_cell || score_cell || score_cell || score_cell
,symphony-autopilot-323,0,0,score_cell || score_cell || score_cell || score_cell
,symptom-florist-935,0,0,score_cell || score_cell || score_cell || score_cell
,synapse-uncurled-716,0,0,score_cell || score_cell || score_cell || score_cell
,synopsis-arrest-182,0,0,score_cell || score_cell || score_cell || score_cell
,synthetic-visiting-894,0,0,score_cell || score_cell || score_cell || score_cell
,tables-blissful-86,0,0,score_cell || score_cell || score_cell || score_cell
,tables-jolliness-30,0,0,score_cell || score_cell || score_cell || score_cell
,tactless-cucumber-1139,0,0,score_cell || score_cell || score_cell || score_cell
,tadpole-debtless-1434,0,0,score_cell || score_cell || score_cell || score_cell
,taekwondo-surcharge-365,0,0,score_cell || score_cell || score_cell || score_cell
,tag-return-1440,0,0,score_cell || score_cell || score_cell || score_cell
,tainted-charter-1514,0,0,score_cell || score_cell || score_cell || score_cell
,taking-extent-608,0,0,score_cell || score_cell || score_cell || score_cell
,tapeless-unable-144,0,0,score_cell || score_cell || score_cell || score_cell
,tapestry-kinfolk-1599,0,0,score_cell || score_cell || score_cell || score_cell
,tapestry-roundworm-827,0,0,score_cell || score_cell || score_cell || score_cell
,theater-rupture-1220,0,0,score_cell || score_cell || score_cell || score_cell
,thee-hamlet-117,0,0,score_cell || score_cell || score_cell || score_cell
,thickness-wildly-1264,0,0,score_cell || score_cell || score_cell || score_cell
,thirsting-alibi-284,0,0,score_cell || score_cell || score_cell || score_cell
,thirteen-justness-65,0,0,score_cell || score_cell || score_cell || score_cell
,those-seizing-280,0,0,score_cell || score_cell || score_cell || score_cell
,thread-repeated-662,0,0,score_cell || score_cell || score_cell || score_cell
,throng-entire-1394,0,0,score_cell || score_cell || score_cell || score_cell
,thumb-legend-1305,0,0,score_cell || score_cell || score_cell || score_cell
,thwarting-ranger-964,0,0,score_cell || score_cell || score_cell || score_cell
,tighten-heritage-913,0,0,score_cell || score_cell || score_cell || score_cell
,tightly-chemicals-1505,0,0,score_cell || score_cell || score_cell || score_cell
,tightrope-lapping-536,0,0,score_cell || score_cell || score_cell || score_cell
,till-sliver-1309,0,0,score_cell || score_cell || score_cell || score_cell
,timid-slapping-58,0,0,score_cell || score_cell || score_cell || score_cell
,timothy-appendage-1269,0,0,score_cell || score_cell || score_cell || score_cell
,timothy-aptly-170,0,0,score_cell || score_cell || score_cell || score_cell
,tinderbox-tricky-453,0,0,score_cell || score_cell || score_cell || score_cell
,tingle-autistic-431,0,0,score_cell || score_cell || score_cell || score_cell
,tinsel-opium-228,0,0,score_cell || score_cell || score_cell || score_cell
,tint-unneeded-859,0,0,score_cell || score_cell || score_cell || score_cell
,tipping-skirt-1126,0,0,score_cell || score_cell || score_cell || score_cell
,track-retention-1570,0,0,score_cell || score_cell || score_cell || score_cell
,tradition-backlight-1564,0,0,score_cell || score_cell || score_cell || score_cell
,trailside-tibia-1500,0,0,score_cell || score_cell || score_cell || score_cell
,trapper-mortify-1643,0,0,score_cell || score_cell || score_cell || score_cell
,trapper-underuse-326,0,0,score_cell || score_cell || score_cell || score_cell
,treading-small-904,0,0,score_cell || score_cell || score_cell || score_cell
,treble-drowsily-1520,0,0,score_cell || score_cell || score_cell || score_cell
,trembling-rural-516,0,0,score_cell || score_cell || score_cell || score_cell
,tribesman-vendor-1277,0,0,score_cell || score_cell || score_cell || score_cell
,tribute-ideology-1646,0,0,score_cell || score_cell || score_cell || score_cell
,trickster-omen-804,0,0,score_cell || score_cell || score_cell || score_cell
,trickster-unrigged-338,0,0,score_cell || score_cell || score_cell || score_cell
,tried-semicolon-1257,0,0,score_cell || score_cell || score_cell || score_cell
,trifle-speed-39,0,0,score_cell || score_cell || score_cell || score_cell
,trolling-unsheathe-305,0,0,score_cell || score_cell || score_cell || score_cell
,trouble-underrate-1381,0,0,score_cell || score_cell || score_cell || score_cell
,troubling-overcoat-1519,0,0,score_cell || score_cell || score_cell || score_cell
,trowel-charm-281,0,0,score_cell || score_cell || score_cell || score_cell
,truck-troubling-73,0,0,score_cell || score_cell || score_cell || score_cell
,truffle-barometer-960,0,0,score_cell || score_cell || score_cell || score_cell
,tuesday-catlike-651,0,0,score_cell || score_cell || score_cell || score_cell
,turbulent-snowcap-760,0,0,score_cell || score_cell || score_cell || score_cell
,turtle-unplanted-300,0,0,score_cell || score_cell || score_cell || score_cell
,tweezers-nintendo-731,0,0,score_cell || score_cell || score_cell || score_cell
,twenty-dipping-865,0,0,score_cell || score_cell || score_cell || score_cell
,twirl-campus-64,0,0,score_cell || score_cell || score_cell || score_cell
,twistable-stegosaur-186,0,0,score_cell || score_cell || score_cell || score_cell
,tyke-fineness-473,0,0,score_cell || score_cell || score_cell || score_cell
,umbilical-turkey-1129,0,0,score_cell || score_cell || score_cell || score_cell
,unadorned-velvet-1543,0,0,score_cell || score_cell || score_cell || score_cell
,unaligned-payable-598,0,0,score_cell || score_cell || score_cell || score_cell
,unbalance-unvarying-229,0,0,score_cell || score_cell || score_cell || score_cell
,unbend-monastery-674,0,0,score_cell || score_cell || score_cell || score_cell
,uncertain-upstage-513,0,0,score_cell || score_cell || score_cell || score_cell
,unclad-unsheathe-502,0,0,score_cell || score_cell || score_cell || score_cell
,unclothed-overbite-834,0,0,score_cell || score_cell || score_cell || score_cell
,uncrown-willing-1538,0,0,score_cell || score_cell || score_cell || score_cell
,uncrushed-outweigh-708,0,0,score_cell || score_cell || score_cell || score_cell
,undecided-copious-645,0,0,score_cell || score_cell || score_cell || score_cell
,underarm-agreeable-1583,0,0,score_cell || score_cell || score_cell || score_cell
,underarm-deviation-722,0,0,score_cell || score_cell || score_cell || score_cell
,underdone-lanky-915,0,0,score_cell || score_cell || score_cell || score_cell
,underfoot-tray-1525,0,0,score_cell || score_cell || score_cell || score_cell
,undermost-tweak-438,0,0,score_cell || score_cell || score_cell || score_cell
,undoing-garbage-983,0,0,score_cell || score_cell || score_cell || score_cell
,unending-trimester-1048,0,0,score_cell || score_cell || score_cell || score_cell
,unengaged-axis-717,0,0,score_cell || score_cell || score_cell || score_cell
,unfailing-elective-461,0,0,score_cell || score_cell || score_cell || score_cell
,unfitting-resample-603,0,0,score_cell || score_cell || score_cell || score_cell
,unfreeze-frill-876,0,0,score_cell || score_cell || score_cell || score_cell
,ungloved-hurray-1332,0,0,score_cell || score_cell || score_cell || score_cell
,unglue-ascertain-85,0,0,score_cell || score_cell || score_cell || score_cell
,unguarded-uninsured-1255,0,0,score_cell || score_cell || score_cell || score_cell
,unhealthy-commodity-1085,0,0,score_cell || score_cell || score_cell || score_cell
,unhidden-mayday-583,0,0,score_cell || score_cell || score_cell || score_cell
,unhook-cope-1604,0,0,score_cell || score_cell || score_cell || score_cell
,unicorn-renter-123,0,0,score_cell || score_cell || score_cell || score_cell
,unicorn-unequal-1361,0,0,score_cell || score_cell || score_cell || score_cell
,unified-enviable-1281,0,0,score_cell || score_cell || score_cell || score_cell
,unifier-buffing-545,0,0,score_cell || score_cell || score_cell || score_cell
,unleaded-dwarf-1010,0,0,score_cell || score_cell || score_cell || score_cell
,unlearned-disabled-450,0,0,score_cell || score_cell || score_cell || score_cell
,unlighted-dictation-1211,0,0,score_cell || score_cell || score_cell || score_cell
,unloaded-neurotic-371,0,0,score_cell || score_cell || score_cell || score_cell
,unmindful-twiddling-398,0,0,score_cell || score_cell || score_cell || score_cell
,unmixable-shivering-1537,0,0,score_cell || score_cell || score_cell || score_cell
,unmoral-attach-690,0,0,score_cell || score_cell || score_cell || score_cell
,unopposed-renewable-907,0,0,score_cell || score_cell || score_cell || score_cell
,unpainted-deceptive-613,0,0,score_cell || score_cell || score_cell || score_cell
,unpaved-contrite-479,0,0,score_cell || score_cell || score_cell || score_cell
,unpicked-storable-770,0,0,score_cell || score_cell || score_cell || score_cell
,unpledged-fall-362,0,0,score_cell || score_cell || score_cell || score_cell
,unplug-vacation-1180,0,0,score_cell || score_cell || score_cell || score_cell
,unranked-stuffy-1311,0,0,score_cell || score_cell || score_cell || score_cell
,unrevised-darkish-1135,0,0,score_cell || score_cell || score_cell || score_cell
,unrivaled-arrange-145,0,0,score_cell || score_cell || score_cell || score_cell
,unsecured-underrate-1225,0,0,score_cell || score_cell || score_cell || score_cell
,unsettled-zoom-973,0,0,score_cell || score_cell || score_cell || score_cell
,unshaken-electable-1031,0,0,score_cell || score_cell || score_cell || score_cell
,unshaved-buffing-1171,0,0,score_cell || score_cell || score_cell || score_cell
,unsigned-likeness-1515,0,0,score_cell || score_cell || score_cell || score_cell
,unsnap-nurture-426,0,0,score_cell || score_cell || score_cell || score_cell
,unstylish-vindicate-758,0,0,score_cell || score_cell || score_cell || score_cell
,unsubtly-subarctic-787,0,0,score_cell || score_cell || score_cell || score_cell
,unsuited-outmost-571,0,0,score_cell || score_cell || score_cell || score_cell
,untainted-idly-1124,0,0,score_cell || score_cell || score_cell || score_cell
,untaken-animation-216,0,0,score_cell || score_cell || score_cell || score_cell
,untaken-hazelnut-740,0,0,score_cell || score_cell || score_cell || score_cell
,untaken-wrath-756,0,0,score_cell || score_cell || score_cell || score_cell
,unthawed-impart-1021,0,0,score_cell || score_cell || score_cell || score_cell
,untie-cinch-1509,0,0,score_cell || score_cell || score_cell || score_cell
,untrimmed-embody-83,0,0,score_cell || score_cell || score_cell || score_cell
,untruth-marathon-55,0,0,score_cell || score_cell || score_cell || score_cell
,unvarying-pastel-529,0,0,score_cell || score_cell || score_cell || score_cell
,unwanted-bulldog-1274,0,0,score_cell || score_cell || score_cell || score_cell
,unwatched-smuggler-1345,0,0,score_cell || score_cell || score_cell || score_cell
,unwind-discard-978,0,0,score_cell || score_cell || score_cell || score_cell
,unwitting-armadillo-1280,0,0,score_cell || score_cell || score_cell || score_cell
,unwound-mollusk-1368,0,0,score_cell || score_cell || score_cell || score_cell
,update-cupping-100,0,0,score_cell || score_cell || score_cell || score_cell
,uphill-eclair-575,0,0,score_cell || score_cell || score_cell || score_cell
,upper-voicing-1542,0,0,score_cell || score_cell || score_cell || score_cell
,uproot-spiral-953,0,0,score_cell || score_cell || score_cell || score_cell
,upscale-rocklike-1074,0,0,score_cell || score_cell || score_cell || score_cell
,urethane-disposal-324,0,0,score_cell || score_cell || score_cell || score_cell
,usable-french-1569,0,0,score_cell || score_cell || score_cell || score_cell
,usable-trekker-299,0,0,score_cell || score_cell || score_cell || score_cell
,user-departure-127,0,0,score_cell || score_cell || score_cell || score_cell
,usual-rigor-544,0,0,score_cell || score_cell || score_cell || score_cell
,vacation-applied-322,0,0,score_cell || score_cell || score_cell || score_cell
,vagrantly-unwatched-889,0,0,score_cell || score_cell || score_cell || score_cell
,valium-delete-420,0,0,score_cell || score_cell || score_cell || score_cell
,vanilla-pebbly-63,0,0,score_cell || score_cell || score_cell || score_cell
,vascular-trapped-542,0,0,score_cell || score_cell || score_cell || score_cell
,vastness-vividness-700,0,0,score_cell || score_cell || score_cell || score_cell
,veal-pajamas-452,0,0,score_cell || score_cell || score_cell || score_cell
,velocity-choosy-112,0,0,score_cell || score_cell || score_cell || score_cell
,velocity-freezing-1635,0,0,score_cell || score_cell || score_cell || score_cell
,vendetta-art-1444,0,0,score_cell || score_cell || score_cell || score_cell
,vertical-direness-1149,0,0,score_cell || score_cell || score_cell || score_cell
,very-perch-232,0,0,score_cell || score_cell || score_cell || score_cell
,viewer-evict-509,0,0,score_cell || score_cell || score_cell || score_cell
,viewing-length-612,0,0,score_cell || score_cell || score_cell || score_cell
,viewpoint-ambitious-354,0,0,score_cell || score_cell || score_cell || score_cell
,viewpoint-underling-241,0,0,score_cell || score_cell || score_cell || score_cell
,vineyard-bunch-1174,0,0,score_cell || score_cell || score_cell || score_cell
,vineyard-scribe-1250,0,0,score_cell || score_cell || score_cell || score_cell
,violator-abiding-495,0,0,score_cell || score_cell || score_cell || score_cell
,visible-duller-477,0,0,score_cell || score_cell || score_cell || score_cell
,vividness-legible-1194,0,0,score_cell || score_cell || score_cell || score_cell
,vixen-shortcake-1641,0,0,score_cell || score_cell || score_cell || score_cell
,volatile-unwrapped-988,0,0,score_cell || score_cell || score_cell || score_cell
,wafer-freebase-1333,0,0,score_cell || score_cell || score_cell || score_cell
,waggle-endocrine-49,0,0,score_cell || score_cell || score_cell || score_cell
,washday-granite-635,0,0,score_cell || score_cell || score_cell || score_cell
,washstand-pavestone-220,0,0,score_cell || score_cell || score_cell || score_cell
,wharf-upbeat-1141,0,0,score_cell || score_cell || score_cell || score_cell
,wheat-finicky-844,0,0,score_cell || score_cell || score_cell || score_cell
,whenever-unending-95,0,0,score_cell || score_cell || score_cell || score_cell
,whimsical-apprehend-422,0,0,score_cell || score_cell || score_cell || score_cell
,whimsical-handsfree-32,0,0,score_cell || score_cell || score_cell || score_cell
,wildly-animating-1182,0,0,score_cell || score_cell || score_cell || score_cell
,willing-pursuit-1441,0,0,score_cell || score_cell || score_cell || score_cell
,willing-qualify-701,0,0,score_cell || score_cell || score_cell || score_cell
,winner-cadillac-607,0,0,score_cell || score_cell || score_cell || score_cell
,wipe-unpadded-51,0,0,score_cell || score_cell || score_cell || score_cell
,wireless-favored-1465,0,0,score_cell || score_cell || score_cell || score_cell
,wise-uplifting-1287,0,0,score_cell || score_cell || score_cell || score_cell
,womanhood-buffing-383,0,0,score_cell || score_cell || score_cell || score_cell
,womanless-imprudent-1056,0,0,score_cell || score_cell || score_cell || score_cell
,worrisome-game-33,0,0,score_cell || score_cell || score_cell || score_cell
,worrisome-nuttiness-1278,0,0,score_cell || score_cell || score_cell || score_cell
,wow-frame-1352,0,0,score_cell || score_cell || score_cell || score_cell
,wriggle-truffle-661,0,0,score_cell || score_cell || score_cell || score_cell
,wriggly-crabbing-407,0,0,score_cell || score_cell || score_cell || score_cell
,wrinkly-staring-1611,0,0,score_cell || score_cell || score_cell || score_cell
,yam-subtype-975,0,0,score_cell || score_cell || score_cell || score_cell
,yanking-resistant-98,0,0,score_cell || score_cell || score_cell || score_cell
,yanking-reversing-590,0,0,score_cell || score_cell || score_cell || score_cell
,yelp-tacky-274,0,0,score_cell || score_cell || score_cell || score_cell
,zap-repeater-1023,0,0,score_cell || score_cell || score_cell || score_cell
,zealous-stretch-517,0,0,score_cell || score_cell || score_cell || score_cell
,zen-bullfight-1254,0,0,score_cell || score_cell || score_cell || score_cell
,zero-enrage-390,0,0,score_cell || score_cell || score_cell || score_cell
,zipping-sublease-1436,0,0,score_cell || score_cell || score_cell || score_cell
,Summary,0,0,104 226 1 n/a || 62 138 4 n/a
